index,compound_name,scaffold_orig_id,compound_date,scaffold_smarts,smiles,scaffold_count,scaffold_first_date,scaffold_smarts_from_scaff_data
0,MAT-POS-c9973a83-1,2,2020-08-04 15:19:35,CC(CC1CCCCC1)CC1CCCCC1,CNC(=O)C[N@H+]1Cc2ccc(cc2[C@]3(C1)CCN(C3=O)c4cncc5c4CCCC5)Cl,58,2020-02-27 01:46:57,CC(CC1CCCCC1)CC1CCCCC1
1,JAN-GHE-83b26c96-15,2,2020-07-10 04:24:26,CC(CC1CCCCC1)CC1CCCCC1,CNC(=O)C[N@H+]1Cc2ccc(cc2[C@]3(C1)CCN(C3=O)c4cncc5c4CCCC5)Cl,58,2020-02-27 01:46:57,CC(CC1CCCCC1)CC1CCCCC1
2,JAG-UCB-a3ef7265-3,134,2020-06-11 16:59:39,CC(CC1CCCCC1)C1CCC2CCCCC21,CNC(=O)C[N@H+]1Cc2ccc(cc2[C@]3(C1)CCN(C3=O)c4cncc5c4CCCC5)Cl,1,2020-06-11 16:59:39,CC(CC1CCCCC1)C1CCC2CCCCC21
3,AAR-POS-d2a4d1df-6,52,2020-02-26 13:14:49,CC(CCC1CCCCC1)C1CCCCC1,CNC(=O)C[N@H+]1Cc2ccc(cc2[C@]3(C1)CCN(C3=O)c4cncc5c4CCCC5)Cl,2,2020-02-26 13:14:49,CC(CCC1CCCCC1)C1CCCCC1
4,AAR-POS-d2a4d1df-10,65,2020-02-27 08:42:31,CC(CCCC1CCCCC1)C1CCCCC1,CNC(=O)C[N@H+]1Cc2ccc(cc2[C@]3(C1)CCN(C3=O)c4cncc5c4CCCC5)Cl,1,2020-02-27 08:42:31,CC(CCCC1CCCCC1)C1CCCCC1
5,MAT-POS-590ac91e-22,61,2020-06-30 19:26:17,CC(CC1CCCCC1)C1CCC12CCC2,CNC(=O)C[N@H+]1Cc2ccc(cc2[C@]3(C1)CCN(C3=O)c4cncc5c4CCCC5)Cl,1,2020-06-30 19:26:17,CC(CC1CCCCC1)C1CCC12CCC2
6,BAR-COM-0f94fc3d-41,10,2020-07-01 00:17:45,CC(CC1CCCCC1)CC1CCC2CCCCC21,CNC(=O)C[N@H+]1Cc2ccc(cc2[C@]3(C1)CCN(C3=O)c4cncc5c4CCCC5)Cl,6,2020-06-30 16:11:11,CC(CC1CCCCC1)CC1CCC2CCCCC21
7,ALP-POS-95b75b4d-4,163,2020-06-30 19:44:04,CC(CC1CCCCC1)CC1CCCC(C2CC2)C1,CNC(=O)C[N@H+]1Cc2ccc(cc2[C@]3(C1)CCN(C3=O)c4cncc5c4CCCC5)Cl,1,2020-06-30 19:44:04,CC(CC1CCCCC1)CC1CCCC(C2CC2)C1
8,ADA-UCB-6c2cb422-1,3,2020-07-10 06:00:00,CC(CC1CCCCC1)CC1CCCC2CCCCC21,CNC(=O)C[N@H+]1Cc2ccc(cc2[C@]3(C1)CCN(C3=O)c4cncc5c4CCCC5)Cl,55,2020-04-21 20:06:55,CC(CC1CCCCC1)CC1CCCC2CCCCC21
9,AAR-POS-d2a4d1df-2,15,2020-02-26 12:49:48,C1CCC2CCCC2C1,CNC(=O)C[N@H+]1Cc2ccc(cc2[C@]3(C1)CCN(C3=O)c4cncc5c4CCCC5)Cl,1,2020-02-26 12:49:48,C1CCC2CCCC2C1
10,MAT-POS-b3e365b9-3,20,2020-10-09 00:26:27,CC(CC1CCCCC1)C1CCCC2CCCCC21,CNC(=O)C[N@H+]1Cc2ccc(cc2[C@]3(C1)CCN(C3=O)c4cncc5c4CCCC5)Cl,4,2020-07-10 04:34:09,CC(CC1CCCCC1)C1CCCC2CCCCC21
11,ALP-POS-6747fa38-1,3,2020-09-11 10:30:37,CC(CC1CCCCC1)CC1CCCC2CCCCC21,CNC(=O)C[N@H+]1Cc2ccc(cc2[C@]3(C1)CCN(C3=O)c4cncc5c4CCCC5)Cl,55,2020-04-21 20:06:55,CC(CC1CCCCC1)CC1CCCC2CCCCC21
12,AAR-POS-d2a4d1df-11,2,2020-02-27 08:00:21,CC(CC1CCCCC1)CC1CCCCC1,CNC(=O)C[N@H+]1Cc2ccc(cc2[C@]3(C1)CCN(C3=O)c4cncc5c4CCCC5)Cl,58,2020-02-27 01:46:57,CC(CC1CCCCC1)CC1CCCCC1
13,TRY-UNI-2eddb1ff-7,8,2020-07-01 03:41:01,CC(CC1CCCCC1)CC1CCCC(CC2CC(C)C2)C1,CNC(=O)C[N@H+]1Cc2ccc(cc2[C@]3(C1)CCN(C3=O)c4cncc5c4CCCC5)Cl,7,2020-04-21 20:02:37,CC(CC1CCCCC1)CC1CCCC(CC2CC(C)C2)C1
14,TRY-UNI-714a760b-3,2,2020-08-13 16:46:52,CC(CC1CCCCC1)CC1CCCCC1,CNC(=O)C[N@H+]1Cc2ccc(cc2[C@]3(C1)CCN(C3=O)c4cncc5c4CCCC5)Cl,58,2020-02-27 01:46:57,CC(CC1CCCCC1)CC1CCCCC1
15,JOR-UNI-2fc98d0b-12,41,2020-06-10 23:23:30,CC(CC1CCCCC1)C(CCC1CCCCC1)C1CCCCC1,CNC(=O)C[N@H+]1Cc2ccc(cc2[C@]3(C1)CCN(C3=O)c4cncc5c4CCCC5)Cl,2,2020-06-10 23:23:30,CC(CC1CCCCC1)C(CCC1CCCCC1)C1CCCCC1
16,BEN-DND-7e92b6ca-4,6,2020-06-11 19:48:34,CC1CC2CCCCC2C(C(C)CCCCC2CCCCC2)C1,CNC(=O)C[N@H+]1Cc2ccc(cc2[C@]3(C1)CCN(C3=O)c4cncc5c4CCCC5)Cl,8,2020-05-08 11:06:29,CC1CC2CCCCC2C(C(C)CCCCC2CCCCC2)C1
17,MAT-POS-590ac91e-27,91,2020-06-30 21:20:16,CC(CC1CCCCC1)C1CCCC1,CNC(=O)C[N@H+]1Cc2ccc(cc2[C@]3(C1)CCN(C3=O)c4cncc5c4CCCC5)Cl,1,2020-06-30 21:20:16,CC(CC1CCCCC1)C1CCCC1
18,CHO-MSK-6e55470f-5,72,2020-10-08 21:56:21,CC(CC1CCCCC1)CC1CCCC(CCC2CCCC2)C1,CNC(=O)C[N@H+]1Cc2ccc(cc2[C@]3(C1)CCN(C3=O)c4cncc5c4CCCC5)Cl,1,2020-10-08 21:56:21,CC(CC1CCCCC1)CC1CCCC(CCC2CCCC2)C1
19,TRY-UNI-714a760b-16,2,2020-07-10 04:38:21,CC(CC1CCCCC1)CC1CCCCC1,CNC(=O)C[N@H+]1Cc2ccc(cc2[C@]3(C1)CCN(C3=O)c4cncc5c4CCCC5)Cl,58,2020-02-27 01:46:57,CC(CC1CCCCC1)CC1CCCCC1
20,LON-WEI-0a73fcb8-7,20,2020-07-10 04:34:09,CC(CC1CCCCC1)C1CCCC2CCCCC21,CNC(=O)C[N@H+]1Cc2ccc(cc2[C@]3(C1)CCN(C3=O)c4cncc5c4CCCC5)Cl,4,2020-07-10 04:34:09,CC(CC1CCCCC1)C1CCCC2CCCCC21
21,PET-UNK-c9c1e0d8-2,3,2020-09-15 17:10:21,CC(CC1CCCCC1)CC1CCCC2CCCCC21,CNC(=O)C[N@H+]1Cc2ccc(cc2[C@]3(C1)CCN(C3=O)c4cncc5c4CCCC5)Cl,55,2020-04-21 20:06:55,CC(CC1CCCCC1)CC1CCCC2CCCCC21
22,PET-UNK-8df914d1-4,11,2020-09-15 17:43:14,CC(CC1CCCCC1)CC1CCCC1,CNC(=O)C[N@H+]1Cc2ccc(cc2[C@]3(C1)CCN(C3=O)c4cncc5c4CCCC5)Cl,7,2020-04-21 22:10:54,CC(CC1CCCCC1)CC1CCCC1
23,AAR-POS-d2a4d1df-4,34,2020-02-26 19:00:17,C1CCC2CCCCC2C1,CNC(=O)C[N@H+]1Cc2ccc(cc2[C@]3(C1)CCN(C3=O)c4cncc5c4CCCC5)Cl,1,2020-02-26 19:00:17,C1CCC2CCCCC2C1
24,TRY-UNI-714a760b-22,2,2020-05-08 11:13:13,CC(CC1CCCCC1)CC1CCCCC1,CNC(=O)C[N@H+]1Cc2ccc(cc2[C@]3(C1)CCN(C3=O)c4cncc5c4CCCC5)Cl,58,2020-02-27 01:46:57,CC(CC1CCCCC1)CC1CCCCC1
25,MAK-UNK-6435e6c2-8,4,2020-02-26 12:58:15,C1CCCCC1,CNC(=O)C[N@H+]1Cc2ccc(cc2[C@]3(C1)CCN(C3=O)c4cncc5c4CCCC5)Cl,10,2020-02-26 12:58:15,C1CCCCC1
26,BRU-THA-a358fbdd-2,18,2020-07-23 23:40:50,CC(CC1CCCC1C1CC1)C1CCCC2CCCCC21,CNC(=O)C[N@H+]1Cc2ccc(cc2[C@]3(C1)CCN(C3=O)c4cncc5c4CCCC5)Cl,4,2020-06-11 16:37:11,CC(CC1CCCC1C1CC1)C1CCCC2CCCCC21
27,MAT-POS-590ac91e-32,6,2020-06-11 17:30:41,CC1CC2CCCCC2C(C(C)CCCCC2CCCCC2)C1,CNC(=O)C[N@H+]1Cc2ccc(cc2[C@]3(C1)CCN(C3=O)c4cncc5c4CCCC5)Cl,8,2020-05-08 11:06:29,CC1CC2CCCCC2C(C(C)CCCCC2CCCCC2)C1
28,EDJ-MED-49816e9b-2,2,2020-06-11 16:50:12,CC(CC1CCCCC1)CC1CCCCC1,CNC(=O)C[N@H+]1Cc2ccc(cc2[C@]3(C1)CCN(C3=O)c4cncc5c4CCCC5)Cl,58,2020-02-27 01:46:57,CC(CC1CCCCC1)CC1CCCCC1
29,MAT-POS-8a69d52e-7,1,2020-10-15 17:18:51,CC(CC1CCCC2CCCCC21)C1CCCC2CCCCC21,CNC(=O)C[N@H+]1Cc2ccc(cc2[C@]3(C1)CCN(C3=O)c4cncc5c4CCCC5)Cl,62,2020-09-15 19:26:20,CC(CC1CCCC2CCCCC21)C1CCCC2CCCCC21
30,ADA-UNI-f8e79267-2,2,2020-07-02 22:08:57,CC(CC1CCCCC1)CC1CCCCC1,CNC(=O)C[N@H+]1Cc2ccc(cc2[C@]3(C1)CCN(C3=O)c4cncc5c4CCCC5)Cl,58,2020-02-27 01:46:57,CC(CC1CCCCC1)CC1CCCCC1
31,NAU-LAT-8502cac5-2,112,2020-07-24 00:52:58,CC(CC1CCCC1C1CC1)C1CCC2CCCCC21,CNC(=O)C[N@H+]1Cc2ccc(cc2[C@]3(C1)CCN(C3=O)c4cncc5c4CCCC5)Cl,1,2020-07-24 00:52:58,CC(CC1CCCC1C1CC1)C1CCC2CCCCC21
32,BAR-COM-0f94fc3d-48,153,2020-06-30 22:34:47,CC(CC1CCCCC1)CC1C(C)CCC2CCCCC21,CNC(=O)C[N@H+]1Cc2ccc(cc2[C@]3(C1)CCN(C3=O)c4cncc5c4CCCC5)Cl,1,2020-06-30 22:34:47,CC(CC1CCCCC1)CC1C(C)CCC2CCCCC21
33,JAN-GHE-83b26c96-3,64,2020-06-11 18:10:45,CC(CC1CCCCC1)CC1CCCCC1C1CCCC1,CNC(=O)C[N@H+]1Cc2ccc(cc2[C@]3(C1)CCN(C3=O)c4cncc5c4CCCC5)Cl,1,2020-06-11 18:10:45,CC(CC1CCCCC1)CC1CCCCC1C1CCCC1
34,EDG-MED-0da5ad92-15,2,2020-09-15 19:02:18,CC(CC1CCCCC1)CC1CCCCC1,CNC(=O)C[N@H+]1Cc2ccc(cc2[C@]3(C1)CCN(C3=O)c4cncc5c4CCCC5)Cl,58,2020-02-27 01:46:57,CC(CC1CCCCC1)CC1CCCCC1
35,RAL-THA-6b94ceba-5,2,2020-10-09 00:20:59,CC(CC1CCCCC1)CC1CCCCC1,CNC(=O)C[N@H+]1Cc2ccc(cc2[C@]3(C1)CCN(C3=O)c4cncc5c4CCCC5)Cl,58,2020-02-27 01:46:57,CC(CC1CCCCC1)CC1CCCCC1
36,JAG-UCB-a3ef7265-18,11,2020-08-13 17:49:09,CC(CC1CCCCC1)CC1CCCC1,CNC(=O)C[N@H+]1Cc2ccc(cc2[C@]3(C1)CCN(C3=O)c4cncc5c4CCCC5)Cl,7,2020-04-21 22:10:54,CC(CC1CCCCC1)CC1CCCC1
37,EDG-MED-0da5ad92-7,2,2020-09-11 11:14:09,CC(CC1CCCCC1)CC1CCCCC1,CNC(=O)C[N@H+]1Cc2ccc(cc2[C@]3(C1)CCN(C3=O)c4cncc5c4CCCC5)Cl,58,2020-02-27 01:46:57,CC(CC1CCCCC1)CC1CCCCC1
38,ALE-HEI-f28a35b5-9,2,2020-02-27 01:46:57,CC(CC1CCCCC1)CC1CCCCC1,CNC(=O)C[N@H+]1Cc2ccc(cc2[C@]3(C1)CCN(C3=O)c4cncc5c4CCCC5)Cl,58,2020-02-27 01:46:57,CC(CC1CCCCC1)CC1CCCCC1
39,JAG-UCB-a3ef7265-20,18,2020-06-11 16:37:11,CC(CC1CCCC1C1CC1)C1CCCC2CCCCC21,CNC(=O)C[N@H+]1Cc2ccc(cc2[C@]3(C1)CCN(C3=O)c4cncc5c4CCCC5)Cl,4,2020-06-11 16:37:11,CC(CC1CCCC1C1CC1)C1CCCC2CCCCC21
40,DAR-DIA-23aa0b97-17,2,2020-04-21 20:14:50,CC(CC1CCCCC1)CC1CCCCC1,CNC(=O)C[N@H+]1Cc2ccc(cc2[C@]3(C1)CCN(C3=O)c4cncc5c4CCCC5)Cl,58,2020-02-27 01:46:57,CC(CC1CCCCC1)CC1CCCCC1
41,BEN-DND-7e92b6ca-16,32,2020-08-13 18:33:35,CC1CC2CCCCC2C(C(C)C2CCC(C3CCCCC3)CC2)C1,CNC(=O)C[N@H+]1Cc2ccc(cc2[C@]3(C1)CCN(C3=O)c4cncc5c4CCCC5)Cl,3,2020-05-19 15:23:28,CC1CC2CCCCC2C(C(C)C2CCC(C3CCCCC3)CC2)C1
42,MAT-POS-916a2c5a-4,32,2020-05-19 15:23:28,CC1CC2CCCCC2C(C(C)C2CCC(C3CCCCC3)CC2)C1,CNC(=O)C[N@H+]1Cc2ccc(cc2[C@]3(C1)CCN(C3=O)c4cncc5c4CCCC5)Cl,3,2020-05-19 15:23:28,CC1CC2CCCCC2C(C(C)C2CCC(C3CCCCC3)CC2)C1
43,JAN-GHE-83b26c96-10,2,2020-06-11 19:31:10,CC(CC1CCCCC1)CC1CCCCC1,CNC(=O)C[N@H+]1Cc2ccc(cc2[C@]3(C1)CCN(C3=O)c4cncc5c4CCCC5)Cl,58,2020-02-27 01:46:57,CC(CC1CCCCC1)CC1CCCCC1
44,MAT-POS-590ac91e-5,102,2020-06-30 16:26:43,CC(CCC1CC1)CC1CCCCC1,CNC(=O)C[N@H+]1Cc2ccc(cc2[C@]3(C1)CCN(C3=O)c4cncc5c4CCCC5)Cl,1,2020-06-30 16:26:43,CC(CCC1CC1)CC1CCCCC1
45,EDJ-MED-49816e9b-1,2,2020-07-10 05:29:49,CC(CC1CCCCC1)CC1CCCCC1,CNC(=O)C[N@H+]1Cc2ccc(cc2[C@]3(C1)CCN(C3=O)c4cncc5c4CCCC5)Cl,58,2020-02-27 01:46:57,CC(CC1CCCCC1)CC1CCCCC1
46,TRY-UNI-714a760b-19,2,2020-08-13 16:48:22,CC(CC1CCCCC1)CC1CCCCC1,CNC(=O)C[N@H+]1Cc2ccc(cc2[C@]3(C1)CCN(C3=O)c4cncc5c4CCCC5)Cl,58,2020-02-27 01:46:57,CC(CC1CCCCC1)CC1CCCCC1
47,EDG-MED-0da5ad92-16,2,2020-07-10 05:39:20,CC(CC1CCCCC1)CC1CCCCC1,CNC(=O)C[N@H+]1Cc2ccc(cc2[C@]3(C1)CCN(C3=O)c4cncc5c4CCCC5)Cl,58,2020-02-27 01:46:57,CC(CC1CCCCC1)CC1CCCCC1
48,PET-SGC-a8a902d9-1,101,2020-07-23 23:22:44,CC(CC1CCCCC1)CC(C1CCCCC1)C1CCCC1,CNC(=O)C[N@H+]1Cc2ccc(cc2[C@]3(C1)CCN(C3=O)c4cncc5c4CCCC5)Cl,1,2020-07-23 23:22:44,CC(CC1CCCCC1)CC(C1CCCCC1)C1CCCC1
49,MAT-POS-968e8d9c-1,18,2020-07-03 00:33:00,CC(CC1CCCC1C1CC1)C1CCCC2CCCCC21,CNC(=O)C[N@H+]1Cc2ccc(cc2[C@]3(C1)CCN(C3=O)c4cncc5c4CCCC5)Cl,4,2020-06-11 16:37:11,CC(CC1CCCC1C1CC1)C1CCCC2CCCCC21
50,AAR-POS-d2a4d1df-1,4,2020-02-26 15:15:35,C1CCCCC1,CNC(=O)C[N@H+]1Cc2ccc(cc2[C@]3(C1)CCN(C3=O)c4cncc5c4CCCC5)Cl,10,2020-02-26 12:58:15,C1CCCCC1
51,JAN-GHE-83b26c96-13,2,2020-06-30 19:41:45,CC(CC1CCCCC1)CC1CCCCC1,CNC(=O)C[N@H+]1Cc2ccc(cc2[C@]3(C1)CCN(C3=O)c4cncc5c4CCCC5)Cl,58,2020-02-27 01:46:57,CC(CC1CCCCC1)CC1CCCCC1
52,MAT-POS-590ac91e-21,117,2020-06-30 16:31:29,CC(CC1CCCCC1)C1CCC2(CC2)C1,CNC(=O)C[N@H+]1Cc2ccc(cc2[C@]3(C1)CCN(C3=O)c4cncc5c4CCCC5)Cl,1,2020-06-30 16:31:29,CC(CC1CCCCC1)C1CCC2(CC2)C1
53,AAR-POS-d2a4d1df-5,4,2020-02-26 22:09:38,C1CCCCC1,CNC(=O)C[N@H+]1Cc2ccc(cc2[C@]3(C1)CCN(C3=O)c4cncc5c4CCCC5)Cl,10,2020-02-26 12:58:15,C1CCCCC1
54,ALV-UNI-7ff1a6f9-47,118,2020-04-21 21:16:01,CC(CC1CCCCC1)CC1CCC2CCCCC2C1,CNC(=O)C[N@H+]1Cc2ccc(cc2[C@]3(C1)CCN(C3=O)c4cncc5c4CCCC5)Cl,1,2020-04-21 21:16:01,CC(CC1CCCCC1)CC1CCC2CCCCC2C1
55,BAR-COM-0f94fc3d-23,2,2020-07-02 19:53:39,CC(CC1CCCCC1)CC1CCCCC1,CNC(=O)C[N@H+]1Cc2ccc(cc2[C@]3(C1)CCN(C3=O)c4cncc5c4CCCC5)Cl,58,2020-02-27 01:46:57,CC(CC1CCCCC1)CC1CCCCC1
56,RAL-MED-2de63afb-14,8,2020-06-11 19:04:44,CC(CC1CCCCC1)CC1CCCC(CC2CC(C)C2)C1,CNC(=O)C[N@H+]1Cc2ccc(cc2[C@]3(C1)CCN(C3=O)c4cncc5c4CCCC5)Cl,7,2020-04-21 20:02:37,CC(CC1CCCCC1)CC1CCCC(CC2CC(C)C2)C1
57,MAT-POS-7dfc56d9-1,4,2020-02-26 18:32:44,C1CCCCC1,CNC(=O)C[N@H+]1Cc2ccc(cc2[C@]3(C1)CCN(C3=O)c4cncc5c4CCCC5)Cl,10,2020-02-26 12:58:15,C1CCCCC1
58,JAG-UCB-cedd89ab-1,85,2020-09-15 17:47:18,CC1C(C2CCCCC2)CCC1C1CCCCC1,CNC(=O)C[N@H+]1Cc2ccc(cc2[C@]3(C1)CCN(C3=O)c4cncc5c4CCCC5)Cl,1,2020-09-15 17:47:18,CC1C(C2CCCCC2)CCC1C1CCCCC1
59,BAR-COM-0f94fc3d-59,69,2020-06-30 22:46:15,CC(CC1CCCCC1)C1CC2CCCCC21,CNC(=O)C[N@H+]1Cc2ccc(cc2[C@]3(C1)CCN(C3=O)c4cncc5c4CCCC5)Cl,1,2020-06-30 22:46:15,CC(CC1CCCCC1)C1CC2CCCCC21
60,ALP-POS-c59291d4-4,14,2020-07-02 19:37:31,CC(CC1CCC2CCCCC21)C(CC1CCCC1)C1CCCCC1,CNC(=O)C[N@H+]1Cc2ccc(cc2[C@]3(C1)CCN(C3=O)c4cncc5c4CCCC5)Cl,5,2020-07-02 19:37:31,CC(CC1CCC2CCCCC21)C(CC1CCCC1)C1CCCCC1
61,EDG-MED-0da5ad92-18,2,2020-06-30 17:06:03,CC(CC1CCCCC1)CC1CCCCC1,CNC(=O)C[N@H+]1Cc2ccc(cc2[C@]3(C1)CCN(C3=O)c4cncc5c4CCCC5)Cl,58,2020-02-27 01:46:57,CC(CC1CCCCC1)CC1CCCCC1
62,AAR-POS-d2a4d1df-19,158,2020-03-05 11:35:31,C1CCCC(C2CCCCC2)CC1,CNC(=O)C[N@H+]1Cc2ccc(cc2[C@]3(C1)CCN(C3=O)c4cncc5c4CCCC5)Cl,1,2020-03-05 11:35:31,C1CCCC(C2CCCCC2)CC1
63,JAN-GHE-5a013bed-4,121,2020-06-30 21:08:45,CC(CC1CCCCC1)CC1CCCC1C,CNC(=O)C[N@H+]1Cc2ccc(cc2[C@]3(C1)CCN(C3=O)c4cncc5c4CCCC5)Cl,1,2020-06-30 21:08:45,CC(CC1CCCCC1)CC1CCCC1C
64,BAR-COM-0f94fc3d-25,148,2020-07-01 03:39:09,CC1CC(C(C)CC2CCCCC2)(C2CCCCC2)C1,CNC(=O)C[N@H+]1Cc2ccc(cc2[C@]3(C1)CCN(C3=O)c4cncc5c4CCCC5)Cl,1,2020-07-01 03:39:09,CC1CC(C(C)CC2CCCCC2)(C2CCCCC2)C1
65,DAR-DIA-842b4336-13,11,2020-04-23 11:31:35,CC(CC1CCCCC1)CC1CCCC1,CNC(=O)C[N@H+]1Cc2ccc(cc2[C@]3(C1)CCN(C3=O)c4cncc5c4CCCC5)Cl,7,2020-04-21 22:10:54,CC(CC1CCCCC1)CC1CCCC1
66,EDG-MED-0da5ad92-12,2,2020-07-10 01:52:50,CC(CC1CCCCC1)CC1CCCCC1,CNC(=O)C[N@H+]1Cc2ccc(cc2[C@]3(C1)CCN(C3=O)c4cncc5c4CCCC5)Cl,58,2020-02-27 01:46:57,CC(CC1CCCCC1)CC1CCCCC1
67,AAR-POS-d2a4d1df-14,136,2020-03-05 04:39:42,C1CCC(C2CCCC2)C1,CNC(=O)C[N@H+]1Cc2ccc(cc2[C@]3(C1)CCN(C3=O)c4cncc5c4CCCC5)Cl,1,2020-03-05 04:39:42,C1CCC(C2CCCC2)C1
68,ALP-POS-d2866bdf-1,14,2020-07-02 21:46:57,CC(CC1CCC2CCCCC21)C(CC1CCCC1)C1CCCCC1,CNC(=O)C[N@H+]1Cc2ccc(cc2[C@]3(C1)CCN(C3=O)c4cncc5c4CCCC5)Cl,5,2020-07-02 19:37:31,CC(CC1CCC2CCCCC21)C(CC1CCCC1)C1CCCCC1
69,BAR-COM-4e090d3a-57,166,2020-05-19 15:12:53,CC(CC1CCCCC1)CC1CCCCC1CC(C)(C)C1CCCCC1,CNC(=O)C[N@H+]1Cc2ccc(cc2[C@]3(C1)CCN(C3=O)c4cncc5c4CCCC5)Cl,1,2020-05-19 15:12:53,CC(CC1CCCCC1)CC1CCCCC1CC(C)(C)C1CCCCC1
70,TRY-UNI-2eddb1ff-3,2,2020-07-03 00:22:11,CC(CC1CCCCC1)CC1CCCCC1,CNC(=O)C[N@H+]1Cc2ccc(cc2[C@]3(C1)CCN(C3=O)c4cncc5c4CCCC5)Cl,58,2020-02-27 01:46:57,CC(CC1CCCCC1)CC1CCCCC1
71,JAG-UCB-cedd89ab-4,60,2020-06-30 16:52:26,CC(CC1CCCCC1)C1CCCC1C1CCC(C2CC2)C1,CNC(=O)C[N@H+]1Cc2ccc(cc2[C@]3(C1)CCN(C3=O)c4cncc5c4CCCC5)Cl,1,2020-06-30 16:52:26,CC(CC1CCCCC1)C1CCCC1C1CCC(C2CC2)C1
72,ALP-POS-c59291d4-3,81,2020-07-02 21:31:11,CC(CC1CCC(C(CC2CCCC2)C(C)CC2CCC3CCCCC32)CC1)C1CC1,CNC(=O)C[N@H+]1Cc2ccc(cc2[C@]3(C1)CCN(C3=O)c4cncc5c4CCCC5)Cl,1,2020-07-02 21:31:11,CC(CC1CCC(C(CC2CCCC2)C(C)CC2CCC3CCCCC32)CC1)C1CC1
73,TRY-UNI-714a760b-6,2,2020-04-23 13:17:20,CC(CC1CCCCC1)CC1CCCCC1,CNC(=O)C[N@H+]1Cc2ccc(cc2[C@]3(C1)CCN(C3=O)c4cncc5c4CCCC5)Cl,58,2020-02-27 01:46:57,CC(CC1CCCCC1)CC1CCCCC1
74,TRY-UNI-2eddb1ff-1,2,2020-06-11 16:11:20,CC(CC1CCCCC1)CC1CCCCC1,CNC(=O)C[N@H+]1Cc2ccc(cc2[C@]3(C1)CCN(C3=O)c4cncc5c4CCCC5)Cl,58,2020-02-27 01:46:57,CC(CC1CCCCC1)CC1CCCCC1
75,TRY-UNI-714a760b-12,2,2020-05-08 10:59:15,CC(CC1CCCCC1)CC1CCCCC1,CNC(=O)C[N@H+]1Cc2ccc(cc2[C@]3(C1)CCN(C3=O)c4cncc5c4CCCC5)Cl,58,2020-02-27 01:46:57,CC(CC1CCCCC1)CC1CCCCC1
76,VLA-UCB-1dbca3b4-15,1,2020-09-15 19:26:20,CC(CC1CCCC2CCCCC21)C1CCCC2CCCCC21,CNC(=O)C[N@H+]1Cc2ccc(cc2[C@]3(C1)CCN(C3=O)c4cncc5c4CCCC5)Cl,62,2020-09-15 19:26:20,CC(CC1CCCC2CCCCC21)C1CCCC2CCCCC21
77,BEN-DND-7e92b6ca-1,77,2020-07-01 01:32:49,CC1CCCC(C(C)CCCCC2CCCCC2)C1,CNC(=O)C[N@H+]1Cc2ccc(cc2[C@]3(C1)CCN(C3=O)c4cncc5c4CCCC5)Cl,1,2020-07-01 01:32:49,CC1CCCC(C(C)CCCCC2CCCCC2)C1
78,BAR-COM-0f94fc3d-38,2,2020-07-02 22:10:48,CC(CC1CCCCC1)CC1CCCCC1,CNC(=O)C[N@H+]1Cc2ccc(cc2[C@]3(C1)CCN(C3=O)c4cncc5c4CCCC5)Cl,58,2020-02-27 01:46:57,CC(CC1CCCCC1)CC1CCCCC1
79,MAT-POS-6344a35d-1,167,2020-09-25 21:14:49,CC(CC1CCCC(CC2CCCCC2)C1)CC1CCCC2CCCCC21,CNC(=O)C[N@H+]1Cc2ccc(cc2[C@]3(C1)CCN(C3=O)c4cncc5c4CCCC5)Cl,1,2020-09-25 21:14:49,CC(CC1CCCC(CC2CCCCC2)C1)CC1CCCC2CCCCC21
80,EDJ-MED-50fe53e8-3,10,2020-09-15 19:19:09,CC(CC1CCCCC1)CC1CCC2CCCCC21,CNC(=O)C[N@H+]1Cc2ccc(cc2[C@]3(C1)CCN(C3=O)c4cncc5c4CCCC5)Cl,6,2020-06-30 16:11:11,CC(CC1CCCCC1)CC1CCC2CCCCC21
81,AAR-POS-d2a4d1df-21,52,2020-03-06 03:07:16,CC(CCC1CCCCC1)C1CCCCC1,CNC(=O)C[N@H+]1Cc2ccc(cc2[C@]3(C1)CCN(C3=O)c4cncc5c4CCCC5)Cl,2,2020-02-26 13:14:49,CC(CCC1CCCCC1)C1CCCCC1
82,BEN-DND-362d364a-10,2,2020-05-14 03:09:54,CC(CC1CCCCC1)CC1CCCCC1,CNC(=O)C[N@H+]1Cc2ccc(cc2[C@]3(C1)CCN(C3=O)c4cncc5c4CCCC5)Cl,58,2020-02-27 01:46:57,CC(CC1CCCCC1)CC1CCCCC1
83,EDJ-MED-0e996074-1,18,2020-07-24 01:40:56,CC(CC1CCCC1C1CC1)C1CCCC2CCCCC21,CNC(=O)C[N@H+]1Cc2ccc(cc2[C@]3(C1)CCN(C3=O)c4cncc5c4CCCC5)Cl,4,2020-06-11 16:37:11,CC(CC1CCCC1C1CC1)C1CCCC2CCCCC21
84,TRY-UNI-2eddb1ff-2,2,2020-07-01 01:38:19,CC(CC1CCCCC1)CC1CCCCC1,CNC(=O)C[N@H+]1Cc2ccc(cc2[C@]3(C1)CCN(C3=O)c4cncc5c4CCCC5)Cl,58,2020-02-27 01:46:57,CC(CC1CCCCC1)CC1CCCCC1
85,ALP-POS-95b75b4d-1,2,2020-06-11 15:45:21,CC(CC1CCCCC1)CC1CCCCC1,CNC(=O)C[N@H+]1Cc2ccc(cc2[C@]3(C1)CCN(C3=O)c4cncc5c4CCCC5)Cl,58,2020-02-27 01:46:57,CC(CC1CCCCC1)CC1CCCCC1
86,MAT-POS-590ac91e-24,137,2020-07-02 18:53:03,CC(CC1CCCCC1)CC1CC2(CC2)C1,CNC(=O)C[N@H+]1Cc2ccc(cc2[C@]3(C1)CCN(C3=O)c4cncc5c4CCCC5)Cl,1,2020-07-02 18:53:03,CC(CC1CCCCC1)CC1CC2(CC2)C1
87,VLA-UCB-00f2c2b3-7,24,2020-08-13 17:02:40,CC(CC1CCCCC1)CC1CCCC2CCCC21,CNC(=O)C[N@H+]1Cc2ccc(cc2[C@]3(C1)CCN(C3=O)c4cncc5c4CCCC5)Cl,4,2020-08-13 17:02:40,CC(CC1CCCCC1)CC1CCCC2CCCC21
88,NAU-LAT-8502cac5-6,138,2020-07-23 23:35:52,CC(CC1CCCC1C1CCCCC1)C1CCC2CCCCC21,CNC(=O)C[N@H+]1Cc2ccc(cc2[C@]3(C1)CCN(C3=O)c4cncc5c4CCCC5)Cl,1,2020-07-23 23:35:52,CC(CC1CCCC1C1CCCCC1)C1CCC2CCCCC21
89,AAR-POS-d2a4d1df-17,105,2020-03-06 07:11:07,,CNC(=O)C[N@H+]1Cc2ccc(cc2[C@]3(C1)CCN(C3=O)c4cncc5c4CCCC5)Cl,1,2020-03-06 07:11:07,
90,ALP-POS-95b75b4d-2,2,2020-06-11 17:39:54,CC(CC1CCCCC1)CC1CCCCC1,CNC(=O)C[N@H+]1Cc2ccc(cc2[C@]3(C1)CCN(C3=O)c4cncc5c4CCCC5)Cl,58,2020-02-27 01:46:57,CC(CC1CCCCC1)CC1CCCCC1
91,AAR-POS-5507155c-1,25,2020-04-03 01:06:34,C1CCC(C2CCCCC2)CC1,CNC(=O)C[N@H+]1Cc2ccc(cc2[C@]3(C1)CCN(C3=O)c4cncc5c4CCCC5)Cl,1,2020-04-03 01:06:34,C1CCC(C2CCCCC2)CC1
92,MAT-POS-590ac91e-18,135,2020-06-30 19:30:03,CC(CC1CCCCC1)C1CC(C2CC2)C1,CNC(=O)C[N@H+]1Cc2ccc(cc2[C@]3(C1)CCN(C3=O)c4cncc5c4CCCC5)Cl,1,2020-06-30 19:30:03,CC(CC1CCCCC1)C1CC(C2CC2)C1
93,AAR-POS-d2a4d1df-18,4,2020-03-05 08:35:32,C1CCCCC1,CNC(=O)C[N@H+]1Cc2ccc(cc2[C@]3(C1)CCN(C3=O)c4cncc5c4CCCC5)Cl,10,2020-02-26 12:58:15,C1CCCCC1
94,JAN-GHE-83b26c96-8,2,2020-06-11 15:53:06,CC(CC1CCCCC1)CC1CCCCC1,CNC(=O)C[N@H+]1Cc2ccc(cc2[C@]3(C1)CCN(C3=O)c4cncc5c4CCCC5)Cl,58,2020-02-27 01:46:57,CC(CC1CCCCC1)CC1CCCCC1
95,BEN-DND-93268d01-11,2,2020-08-13 16:34:11,CC(CC1CCCCC1)CC1CCCCC1,CNC(=O)C[N@H+]1Cc2ccc(cc2[C@]3(C1)CCN(C3=O)c4cncc5c4CCCC5)Cl,58,2020-02-27 01:46:57,CC(CC1CCCCC1)CC1CCCCC1
96,ANN-UNI-26382800-5,2,2020-04-21 21:56:37,CC(CC1CCCCC1)CC1CCCCC1,CNC(=O)C[N@H+]1Cc2ccc(cc2[C@]3(C1)CCN(C3=O)c4cncc5c4CCCC5)Cl,58,2020-02-27 01:46:57,CC(CC1CCCCC1)CC1CCCCC1
97,DAR-DIA-23aa0b97-13,2,2020-05-14 02:56:47,CC(CC1CCCCC1)CC1CCCCC1,CNC(=O)C[N@H+]1Cc2ccc(cc2[C@]3(C1)CCN(C3=O)c4cncc5c4CCCC5)Cl,58,2020-02-27 01:46:57,CC(CC1CCCCC1)CC1CCCCC1
98,DAR-DIA-23aa0b97-20,3,2020-04-21 20:06:55,CC(CC1CCCCC1)CC1CCCC2CCCCC21,CNC(=O)C[N@H+]1Cc2ccc(cc2[C@]3(C1)CCN(C3=O)c4cncc5c4CCCC5)Cl,55,2020-04-21 20:06:55,CC(CC1CCCCC1)CC1CCCC2CCCCC21
99,EDJ-MED-06d94977-2,97,2020-08-13 16:42:49,CC(CCC1CCCCC1)CC1CCC2CCCCC21,CNC(=O)C[N@H+]1Cc2ccc(cc2[C@]3(C1)CCN(C3=O)c4cncc5c4CCCC5)Cl,1,2020-08-13 16:42:49,CC(CCC1CCCCC1)CC1CCC2CCCCC21
100,JAN-GHE-83b26c96-20,76,2020-06-11 19:25:45,CC(CC1CCCCC1)C1(C2CCCCC2)CC1,CNC(=O)C[N@H+]1Cc2ccc(cc2[C@]3(C1)CCN(C3=O)c4cncc5c4CCCC5)Cl,1,2020-06-11 19:25:45,CC(CC1CCCCC1)C1(C2CCCCC2)CC1
101,JAN-GHE-83b26c96-14,2,2020-06-10 23:43:21,CC(CC1CCCCC1)CC1CCCCC1,CNC(=O)C[N@H+]1Cc2ccc(cc2[C@]3(C1)CCN(C3=O)c4cncc5c4CCCC5)Cl,58,2020-02-27 01:46:57,CC(CC1CCCCC1)CC1CCCCC1
102,BEN-DND-7e92b6ca-2,6,2020-06-11 15:45:52,CC1CC2CCCCC2C(C(C)CCCCC2CCCCC2)C1,CNC(=O)C[N@H+]1Cc2ccc(cc2[C@]3(C1)CCN(C3=O)c4cncc5c4CCCC5)Cl,8,2020-05-08 11:06:29,CC1CC2CCCCC2C(C(C)CCCCC2CCCCC2)C1
103,EDG-MED-0da5ad92-2,2,2020-06-10 22:18:42,CC(CC1CCCCC1)CC1CCCCC1,CNC(=O)C[N@H+]1Cc2ccc(cc2[C@]3(C1)CCN(C3=O)c4cncc5c4CCCC5)Cl,58,2020-02-27 01:46:57,CC(CC1CCCCC1)CC1CCCCC1
104,BRU-LEF-c49414a7-1,8,2020-07-01 02:38:30,CC(CC1CCCCC1)CC1CCCC(CC2CC(C)C2)C1,CNC(=O)C[N@H+]1Cc2ccc(cc2[C@]3(C1)CCN(C3=O)c4cncc5c4CCCC5)Cl,7,2020-04-21 20:02:37,CC(CC1CCCCC1)CC1CCCC(CC2CC(C)C2)C1
105,GAB-REV-70cc3ca5-13,156,2020-05-14 18:06:04,CC(CCC(C)CC1CCCCC1)CC1CCCCC1,CNC(=O)C[N@H+]1Cc2ccc(cc2[C@]3(C1)CCN(C3=O)c4cncc5c4CCCC5)Cl,1,2020-05-14 18:06:04,CC(CCC(C)CC1CCCCC1)CC1CCCCC1
106,JAN-GHE-83b26c96-12,2,2020-08-13 18:39:51,CC(CC1CCCCC1)CC1CCCCC1,CNC(=O)C[N@H+]1Cc2ccc(cc2[C@]3(C1)CCN(C3=O)c4cncc5c4CCCC5)Cl,58,2020-02-27 01:46:57,CC(CC1CCCCC1)CC1CCCCC1
107,BEN-DND-031a96cc-8,92,2020-05-22 01:05:29,CC(CC1CCCCC1)C(C)C1CCCCC1,CNC(=O)C[N@H+]1Cc2ccc(cc2[C@]3(C1)CCN(C3=O)c4cncc5c4CCCC5)Cl,1,2020-05-22 01:05:29,CC(CC1CCCCC1)C(C)C1CCCCC1
108,MAT-POS-590ac91e-39,6,2020-06-30 18:13:35,CC1CC2CCCCC2C(C(C)CCCCC2CCCCC2)C1,CNC(=O)C[N@H+]1Cc2ccc(cc2[C@]3(C1)CCN(C3=O)c4cncc5c4CCCC5)Cl,8,2020-05-08 11:06:29,CC1CC2CCCCC2C(C(C)CCCCC2CCCCC2)C1
109,JAN-GHE-83b26c96-1,2,2020-06-11 16:42:39,CC(CC1CCCCC1)CC1CCCCC1,CNC(=O)C[N@H+]1Cc2ccc(cc2[C@]3(C1)CCN(C3=O)c4cncc5c4CCCC5)Cl,58,2020-02-27 01:46:57,CC(CC1CCCCC1)CC1CCCCC1
110,GAB-REV-70cc3ca5-8,66,2020-05-14 17:10:26,CC(CCC(C)(C)C1CCCC2CCCCC21)CC1CCCCC1,CNC(=O)C[N@H+]1Cc2ccc(cc2[C@]3(C1)CCN(C3=O)c4cncc5c4CCCC5)Cl,1,2020-05-14 17:10:26,CC(CCC(C)(C)C1CCCC2CCCCC21)CC1CCCCC1
111,BEN-DND-93268d01-13,22,2020-06-30 16:46:49,CC(CCC1CCCCC1)CC1CCCCC1,CNC(=O)C[N@H+]1Cc2ccc(cc2[C@]3(C1)CCN(C3=O)c4cncc5c4CCCC5)Cl,4,2020-06-30 16:46:49,CC(CCC1CCCCC1)CC1CCCCC1
112,EDJ-MED-6af13d92-1,6,2020-08-04 15:07:24,CC1CC2CCCCC2C(C(C)CCCCC2CCCCC2)C1,CNC(=O)C[N@H+]1Cc2ccc(cc2[C@]3(C1)CCN(C3=O)c4cncc5c4CCCC5)Cl,8,2020-05-08 11:06:29,CC1CC2CCCCC2C(C(C)CCCCC2CCCCC2)C1
113,JAN-GHE-83b26c96-21,90,2020-06-30 21:11:36,CC(C)(CC1CCCCC1)C1CCCCC1,CNC(=O)C[N@H+]1Cc2ccc(cc2[C@]3(C1)CCN(C3=O)c4cncc5c4CCCC5)Cl,1,2020-06-30 21:11:36,CC(C)(CC1CCCCC1)C1CCCCC1
114,AAR-POS-d2a4d1df-20,49,2020-03-05 13:28:50,CC(CC1CCC2CCCCC21)C1CCCCC1,CNC(=O)C[N@H+]1Cc2ccc(cc2[C@]3(C1)CCN(C3=O)c4cncc5c4CCCC5)Cl,2,2020-03-05 13:28:50,CC(CC1CCC2CCCCC21)C1CCCCC1
115,TRY-UNI-714a760b-20,2,2020-04-21 20:47:21,CC(CC1CCCCC1)CC1CCCCC1,CNC(=O)C[N@H+]1Cc2ccc(cc2[C@]3(C1)CCN(C3=O)c4cncc5c4CCCC5)Cl,58,2020-02-27 01:46:57,CC(CC1CCCCC1)CC1CCCCC1
116,AAR-POS-d2a4d1df-15,4,2020-03-05 06:47:42,C1CCCCC1,CNC(=O)C[N@H+]1Cc2ccc(cc2[C@]3(C1)CCN(C3=O)c4cncc5c4CCCC5)Cl,10,2020-02-26 12:58:15,C1CCCCC1
117,BEN-DND-93268d01-8,2,2020-08-13 16:08:56,CC(CC1CCCCC1)CC1CCCCC1,CNC(=O)C[N@H+]1Cc2ccc(cc2[C@]3(C1)CCN(C3=O)c4cncc5c4CCCC5)Cl,58,2020-02-27 01:46:57,CC(CC1CCCCC1)CC1CCCCC1
118,ALP-POS-c0c213c9-14,83,2020-07-24 01:51:35,CC(CC1CCCCC1)C(CC1CCCC1)C1CCC(C2CCCCC2)CC1,CNC(=O)C[N@H+]1Cc2ccc(cc2[C@]3(C1)CCN(C3=O)c4cncc5c4CCCC5)Cl,1,2020-07-24 01:51:35,CC(CC1CCCCC1)C(CC1CCCC1)C1CCC(C2CCCCC2)CC1
119,JAN-GHE-83b26c96-11,2,2020-06-10 23:48:42,CC(CC1CCCCC1)CC1CCCCC1,CNC(=O)C[N@H+]1Cc2ccc(cc2[C@]3(C1)CCN(C3=O)c4cncc5c4CCCC5)Cl,58,2020-02-27 01:46:57,CC(CC1CCCCC1)CC1CCCCC1
120,BAR-COM-4e090d3a-39,8,2020-04-21 20:02:37,CC(CC1CCCCC1)CC1CCCC(CC2CC(C)C2)C1,CNC(=O)C[N@H+]1Cc2ccc(cc2[C@]3(C1)CCN(C3=O)c4cncc5c4CCCC5)Cl,7,2020-04-21 20:02:37,CC(CC1CCCCC1)CC1CCCC(CC2CC(C)C2)C1
121,AAR-POS-d2a4d1df-16,4,2020-03-05 07:35:22,C1CCCCC1,CNC(=O)C[N@H+]1Cc2ccc(cc2[C@]3(C1)CCN(C3=O)c4cncc5c4CCCC5)Cl,10,2020-02-26 12:58:15,C1CCCCC1
122,EDJ-MED-a364e151-1,3,2020-08-13 16:38:09,CC(CC1CCCCC1)CC1CCCC2CCCCC21,CNC(=O)C[N@H+]1Cc2ccc(cc2[C@]3(C1)CCN(C3=O)c4cncc5c4CCCC5)Cl,55,2020-04-21 20:06:55,CC(CC1CCCCC1)CC1CCCC2CCCCC21
123,TRY-UNI-714a760b-18,2,2020-04-23 13:00:16,CC(CC1CCCCC1)CC1CCCCC1,CNC(=O)C[N@H+]1Cc2ccc(cc2[C@]3(C1)CCN(C3=O)c4cncc5c4CCCC5)Cl,58,2020-02-27 01:46:57,CC(CC1CCCCC1)CC1CCCCC1
124,MAT-POS-916a2c5a-2,6,2020-05-08 11:06:29,CC1CC2CCCCC2C(C(C)CCCCC2CCCCC2)C1,CNC(=O)C[N@H+]1Cc2ccc(cc2[C@]3(C1)CCN(C3=O)c4cncc5c4CCCC5)Cl,8,2020-05-08 11:06:29,CC1CC2CCCCC2C(C(C)CCCCC2CCCCC2)C1
125,DAR-DIA-23aa0b97-14,2,2020-07-10 06:21:31,CC(CC1CCCCC1)CC1CCCCC1,CNC(=O)C[N@H+]1Cc2ccc(cc2[C@]3(C1)CCN(C3=O)c4cncc5c4CCCC5)Cl,58,2020-02-27 01:46:57,CC(CC1CCCCC1)CC1CCCCC1
126,JAN-GHE-83b26c96-22,2,2020-06-11 15:53:33,CC(CC1CCCCC1)CC1CCCCC1,CNC(=O)C[N@H+]1Cc2ccc(cc2[C@]3(C1)CCN(C3=O)c4cncc5c4CCCC5)Cl,58,2020-02-27 01:46:57,CC(CC1CCCCC1)CC1CCCCC1
127,JAN-GHE-83b26c96-23,2,2020-06-11 19:33:26,CC(CC1CCCCC1)CC1CCCCC1,CNC(=O)C[N@H+]1Cc2ccc(cc2[C@]3(C1)CCN(C3=O)c4cncc5c4CCCC5)Cl,58,2020-02-27 01:46:57,CC(CC1CCCCC1)CC1CCCCC1
128,JOR-UNI-2fc98d0b-6,41,2020-06-10 23:26:42,CC(CC1CCCCC1)C(CCC1CCCCC1)C1CCCCC1,CNC(=O)C[N@H+]1Cc2ccc(cc2[C@]3(C1)CCN(C3=O)c4cncc5c4CCCC5)Cl,2,2020-06-10 23:23:30,CC(CC1CCCCC1)C(CCC1CCCCC1)C1CCCCC1
129,EDJ-MED-6af13d92-3,6,2020-08-04 16:05:44,CC1CC2CCCCC2C(C(C)CCCCC2CCCCC2)C1,CNC(=O)C[N@H+]1Cc2ccc(cc2[C@]3(C1)CCN(C3=O)c4cncc5c4CCCC5)Cl,8,2020-05-08 11:06:29,CC1CC2CCCCC2C(C(C)CCCCC2CCCCC2)C1
130,ADA-UCB-6c2cb422-3,3,2020-08-13 18:06:51,CC(CC1CCCCC1)CC1CCCC2CCCCC21,CNC(=O)C[N@H+]1Cc2ccc(cc2[C@]3(C1)CCN(C3=O)c4cncc5c4CCCC5)Cl,55,2020-04-21 20:06:55,CC(CC1CCCCC1)CC1CCCC2CCCCC21
131,AAR-POS-d2a4d1df-8,9,2020-02-27 06:10:24,C1CCC(CC2CCCC2)CC1,CNC(=O)C[N@H+]1Cc2ccc(cc2[C@]3(C1)CCN(C3=O)c4cncc5c4CCCC5)Cl,2,2020-02-27 05:57:58,C1CCC(CC2CCCC2)CC1
132,AAR-POS-d2a4d1df-7,9,2020-02-27 05:57:58,C1CCC(CC2CCCC2)CC1,CNC(=O)C[N@H+]1Cc2ccc(cc2[C@]3(C1)CCN(C3=O)c4cncc5c4CCCC5)Cl,2,2020-02-27 05:57:58,C1CCC(CC2CCCC2)CC1
133,RAL-MED-2de63afb-2,8,2020-06-11 16:27:17,CC(CC1CCCCC1)CC1CCCC(CC2CC(C)C2)C1,CNC(=O)C[N@H+]1Cc2ccc(cc2[C@]3(C1)CCN(C3=O)c4cncc5c4CCCC5)Cl,7,2020-04-21 20:02:37,CC(CC1CCCCC1)CC1CCCC(CC2CC(C)C2)C1
134,PET-UNK-1901c25b-1,165,2020-10-09 00:02:31,CC(CC1CCCC2CCCCC21)C(CC1CCCC1)C1CCCCC1,CNC(=O)C[N@H+]1Cc2ccc(cc2[C@]3(C1)CCN(C3=O)c4cncc5c4CCCC5)Cl,1,2020-10-09 00:02:31,CC(CC1CCCC2CCCCC21)C(CC1CCCC1)C1CCCCC1
135,ALP-POS-c59291d4-2,14,2020-07-02 21:33:41,CC(CC1CCC2CCCCC21)C(CC1CCCC1)C1CCCCC1,CNC(=O)C[N@H+]1Cc2ccc(cc2[C@]3(C1)CCN(C3=O)c4cncc5c4CCCC5)Cl,5,2020-07-02 19:37:31,CC(CC1CCC2CCCCC21)C(CC1CCCC1)C1CCCCC1
136,JAN-GHE-83b26c96-2,2,2020-08-13 18:47:08,CC(CC1CCCCC1)CC1CCCCC1,CNC(=O)C[N@H+]1Cc2ccc(cc2[C@]3(C1)CCN(C3=O)c4cncc5c4CCCC5)Cl,58,2020-02-27 01:46:57,CC(CC1CCCCC1)CC1CCCCC1
137,ERI-UCB-5b47150d-6,71,2020-08-13 17:32:55,CC(CC1CCCCC1)C1CC1,CNC(=O)C[N@H+]1Cc2ccc(cc2[C@]3(C1)CCN(C3=O)c4cncc5c4CCCC5)Cl,1,2020-08-13 17:32:55,CC(CC1CCCCC1)C1CC1
138,ERI-UCB-a0b0dbcb-8,154,2020-10-15 15:47:54,CC1CC2CCCCC2C(C(C)C2CC(CC3CCCCC3)C2)C1.CC1CC2CCCCC2C(C(C)C2CC(CC3CCCCC3)C2)C1,CNC(=O)C[N@H+]1Cc2ccc(cc2[C@]3(C1)CCN(C3=O)c4cncc5c4CCCC5)Cl,1,2020-10-15 15:47:54,CC1CC2CCCCC2C(C(C)C2CC(CC3CCCCC3)C2)C1.CC1CC2CCCCC2C(C(C)C2CC(CC3CCCCC3)C2)C1
139,JAN-GHE-5a013bed-2,10,2020-06-30 16:11:11,CC(CC1CCCCC1)CC1CCC2CCCCC21,CNC(=O)C[N@H+]1Cc2ccc(cc2[C@]3(C1)CCN(C3=O)c4cncc5c4CCCC5)Cl,6,2020-06-30 16:11:11,CC(CC1CCCCC1)CC1CCC2CCCCC21
140,JAG-UCB-a3ef7265-23,2,2020-07-10 04:01:18,CC(CC1CCCCC1)CC1CCCCC1,CNC(=O)C[N@H+]1Cc2ccc(cc2[C@]3(C1)CCN(C3=O)c4cncc5c4CCCC5)Cl,58,2020-02-27 01:46:57,CC(CC1CCCCC1)CC1CCCCC1
141,MAT-POS-c0143b99-1,13,2020-05-22 01:59:55,C1CCC(CCC2CCCCC2)CC1,CNC(=O)C[N@H+]1Cc2ccc(cc2[C@]3(C1)CCN(C3=O)c4cncc5c4CCCC5)Cl,1,2020-05-22 01:59:55,C1CCC(CCC2CCCCC2)CC1
142,MAT-POS-bbbbc21a-3,68,2020-10-14 20:20:16,CC(CC1CCCC2CCCCC21)CC1CCCC2CCCC21,CNC(=O)C[N@H+]1Cc2ccc(cc2[C@]3(C1)CCN(C3=O)c4cncc5c4CCCC5)Cl,1,2020-10-14 20:20:16,CC(CC1CCCC2CCCCC21)CC1CCCC2CCCC21
143,MAT-POS-f42f3716-6,168,2020-09-11 11:17:55,CC(CC1CCCCC1)CC1CCCC(C2CCCCC2)C1,CNC(=O)C[N@H+]1Cc2ccc(cc2[C@]3(C1)CCN(C3=O)c4cncc5c4CCCC5)Cl,1,2020-09-11 11:17:55,CC(CC1CCCCC1)CC1CCCC(C2CCCCC2)C1
144,AAR-POS-d2a4d1df-12,127,2020-02-27 04:13:25,CC(CCCC1CCCCC1)CC1CCCCC1,CNC(=O)C[N@H+]1Cc2ccc(cc2[C@]3(C1)CCN(C3=O)c4cncc5c4CCCC5)Cl,1,2020-02-27 04:13:25,CC(CCCC1CCCCC1)CC1CCCCC1
145,MAT-POS-590ac91e-11,4,2020-06-30 16:32:54,C1CCCCC1,CNC(=O)C[N@H+]1Cc2ccc(cc2[C@]3(C1)CCN(C3=O)c4cncc5c4CCCC5)Cl,10,2020-02-26 12:58:15,C1CCCCC1
146,JAG-UCB-cedd89ab-2,116,2020-08-13 16:28:55,C1CCC(CCCC2CCCC2)CC1,CNC(=O)C[N@H+]1Cc2ccc(cc2[C@]3(C1)CCN(C3=O)c4cncc5c4CCCC5)Cl,1,2020-08-13 16:28:55,C1CCC(CCCC2CCCC2)CC1
147,ROB-IMP-e811baff-1,14,2020-10-09 00:12:52,CC(CC1CCC2CCCCC21)C(CC1CCCC1)C1CCCCC1,CNC(=O)C[N@H+]1Cc2ccc(cc2[C@]3(C1)CCN(C3=O)c4cncc5c4CCCC5)Cl,5,2020-07-02 19:37:31,CC(CC1CCC2CCCCC21)C(CC1CCCC1)C1CCCCC1
148,MAT-POS-590ac91e-23,57,2020-06-30 20:03:43,CC(CC1CCCCC1)CC1CC2CC2C1,CNC(=O)C[N@H+]1Cc2ccc(cc2[C@]3(C1)CCN(C3=O)c4cncc5c4CCCC5)Cl,1,2020-06-30 20:03:43,CC(CC1CCCCC1)CC1CC2CC2C1
149,MAT-POS-1e5f28a7-1,2,2020-09-15 19:06:26,CC(CC1CCCCC1)CC1CCCCC1,CNC(=O)C[N@H+]1Cc2ccc(cc2[C@]3(C1)CCN(C3=O)c4cncc5c4CCCC5)Cl,58,2020-02-27 01:46:57,CC(CC1CCCCC1)CC1CCCCC1
150,MAT-POS-590ac91e-25,123,2020-06-30 16:43:25,CC(CC1CCCCC1)CC12CCCC1C2,CNC(=O)C[N@H+]1Cc2ccc(cc2[C@]3(C1)CCN(C3=O)c4cncc5c4CCCC5)Cl,1,2020-06-30 16:43:25,CC(CC1CCCCC1)CC12CCCC1C2
151,BEN-DND-93268d01-5,22,2020-08-13 16:32:03,CC(CCC1CCCCC1)CC1CCCCC1,CNC(=O)C[N@H+]1Cc2ccc(cc2[C@]3(C1)CCN(C3=O)c4cncc5c4CCCC5)Cl,4,2020-06-30 16:46:49,CC(CCC1CCCCC1)CC1CCCCC1
152,WIL-MOD-03b86a88-6,2,2020-10-08 22:29:03,CC(CC1CCCCC1)CC1CCCCC1,CNC(=O)C[N@H+]1Cc2ccc(cc2[C@]3(C1)CCN(C3=O)c4cncc5c4CCCC5)Cl,58,2020-02-27 01:46:57,CC(CC1CCCCC1)CC1CCCCC1
153,BEN-DND-93268d01-7,22,2020-06-30 20:57:55,CC(CCC1CCCCC1)CC1CCCCC1,CNC(=O)C[N@H+]1Cc2ccc(cc2[C@]3(C1)CCN(C3=O)c4cncc5c4CCCC5)Cl,4,2020-06-30 16:46:49,CC(CCC1CCCCC1)CC1CCCCC1
154,DAR-DIA-842b4336-3,11,2020-04-21 22:10:54,CC(CC1CCCCC1)CC1CCCC1,CNC(=O)C[N@H+]1Cc2ccc(cc2[C@]3(C1)CCN(C3=O)c4cncc5c4CCCC5)Cl,7,2020-04-21 22:10:54,CC(CC1CCCCC1)CC1CCCC1
155,BAR-COM-0f94fc3d-58,2,2020-07-03 00:18:47,CC(CC1CCCCC1)CC1CCCCC1,CNC(=O)C[N@H+]1Cc2ccc(cc2[C@]3(C1)CCN(C3=O)c4cncc5c4CCCC5)Cl,58,2020-02-27 01:46:57,CC(CC1CCCCC1)CC1CCCCC1
156,ADA-UNI-f8e79267-5,2,2020-06-11 15:50:29,CC(CC1CCCCC1)CC1CCCCC1,CNC(=O)C[N@H+]1Cc2ccc(cc2[C@]3(C1)CCN(C3=O)c4cncc5c4CCCC5)Cl,58,2020-02-27 01:46:57,CC(CC1CCCCC1)CC1CCCCC1
157,EDG-MED-0da5ad92-21,11,2020-07-10 05:50:22,CC(CC1CCCCC1)CC1CCCC1,CNC(=O)C[N@H+]1Cc2ccc(cc2[C@]3(C1)CCN(C3=O)c4cncc5c4CCCC5)Cl,7,2020-04-21 22:10:54,CC(CC1CCCCC1)CC1CCCC1
158,MAT-POS-590ac91e-19,93,2020-06-30 22:16:51,CC(CC1CCCCC1)C1C2CCCCC21,CNC(=O)C[N@H+]1Cc2ccc(cc2[C@]3(C1)CCN(C3=O)c4cncc5c4CCCC5)Cl,1,2020-06-30 22:16:51,CC(CC1CCCCC1)C1C2CCCCC21
159,NAU-LAT-445f63e5-6,109,2020-07-02 18:50:45,CC(CC1CCCCC1)CC1(CC2CCCCC2)CCCCC1,CNC(=O)C[N@H+]1Cc2ccc(cc2[C@]3(C1)CCN(C3=O)c4cncc5c4CCCC5)Cl,1,2020-07-02 18:50:45,CC(CC1CCCCC1)CC1(CC2CCCCC2)CCCCC1
160,RAL-MED-2de63afb-1,8,2020-06-11 17:59:37,CC(CC1CCCCC1)CC1CCCC(CC2CC(C)C2)C1,CNC(=O)C[N@H+]1Cc2ccc(cc2[C@]3(C1)CCN(C3=O)c4cncc5c4CCCC5)Cl,7,2020-04-21 20:02:37,CC(CC1CCCCC1)CC1CCCC(CC2CC(C)C2)C1
161,DAR-DIA-23aa0b97-6,2,2020-06-10 21:33:49,CC(CC1CCCCC1)CC1CCCCC1,CNC(=O)C[N@H+]1Cc2ccc(cc2[C@]3(C1)CCN(C3=O)c4cncc5c4CCCC5)Cl,58,2020-02-27 01:46:57,CC(CC1CCCCC1)CC1CCCCC1
162,MAT-POS-f7918075-5,3,2020-09-15 19:28:11,CC(CC1CCCCC1)CC1CCCC2CCCCC21,CNC(=O)C[N@H+]1Cc2ccc(cc2[C@]3(C1)CCN(C3=O)c4cncc5c4CCCC5)Cl,55,2020-04-21 20:06:55,CC(CC1CCCCC1)CC1CCCC2CCCCC21
163,AAR-POS-d2a4d1df-9,126,2020-02-27 07:11:50,CC(CCC1CCCC1)CC1CC1,CNC(=O)C[N@H+]1Cc2ccc(cc2[C@]3(C1)CCN(C3=O)c4cncc5c4CCCC5)Cl,1,2020-02-27 07:11:50,CC(CCC1CCCC1)CC1CC1
164,JAN-GHE-83b26c96-9,2,2020-06-11 16:39:23,CC(CC1CCCCC1)CC1CCCCC1,CNC(=O)C[N@H+]1Cc2ccc(cc2[C@]3(C1)CCN(C3=O)c4cncc5c4CCCC5)Cl,58,2020-02-27 01:46:57,CC(CC1CCCCC1)CC1CCCCC1
165,MAT-POS-044491d2-1,133,2020-10-08 23:10:18,CC(CC1CCCCC1)CC1CCCC(CC2CCCC2)C1,CNC(=O)C[N@H+]1Cc2ccc(cc2[C@]3(C1)CCN(C3=O)c4cncc5c4CCCC5)Cl,1,2020-10-08 23:10:18,CC(CC1CCCCC1)CC1CCCC(CC2CCCC2)C1
166,ALP-POS-6d04362c-2,33,2020-11-27 14:12:41,CC(CC1CCC2CCCCC21)C(CC1CCCCC1)C1CCCCC1,CNC(=O)C[N@H+]1Cc2ccc(cc2[C@]3(C1)CCN(C3=O)c4cncc5c4CCCC5)Cl,3,2020-11-20 03:41:28,CC(CC1CCC2CCCCC21)C(CC1CCCCC1)C1CCCCC1
167,CHO-MSK-00c5269a-2,33,2020-11-20 03:41:28,CC(CC1CCC2CCCCC21)C(CC1CCCCC1)C1CCCCC1,CNC(=O)C[N@H+]1Cc2ccc(cc2[C@]3(C1)CCN(C3=O)c4cncc5c4CCCC5)Cl,3,2020-11-20 03:41:28,CC(CC1CCC2CCCCC21)C(CC1CCCCC1)C1CCCCC1
168,MAR-UCB-f313ec4d-6,144,2020-10-09 00:25:42,CC(C1CCC(C2CCCCC2)CC1)C1CCCC2CCCCC21,CNC(=O)C[N@H+]1Cc2ccc(cc2[C@]3(C1)CCN(C3=O)c4cncc5c4CCCC5)Cl,1,2020-10-09 00:25:42,CC(C1CCC(C2CCCCC2)CC1)C1CCCC2CCCCC21
169,MIC-UNK-66895286-1,11,2020-09-15 20:39:03,CC(CC1CCCCC1)CC1CCCC1,CNC(=O)C[N@H+]1Cc2ccc(cc2[C@]3(C1)CCN(C3=O)c4cncc5c4CCCC5)Cl,7,2020-04-21 22:10:54,CC(CC1CCCCC1)CC1CCCC1
170,TAT-ENA-80bfd3e5-4,147,2020-09-25 22:53:35,CC(C1CCCCC1)C1CCC2CCCCC21,CNC(=O)C[N@H+]1Cc2ccc(cc2[C@]3(C1)CCN(C3=O)c4cncc5c4CCCC5)Cl,1,2020-09-25 22:53:35,CC(C1CCCCC1)C1CCC2CCCCC21
171,EDJ-MED-e4b030d8-13,1,2020-11-20 04:40:42,CC(CC1CCCC2CCCCC21)C1CCCC2CCCCC21,CNC(=O)C[N@H+]1Cc2ccc(cc2[C@]3(C1)CCN(C3=O)c4cncc5c4CCCC5)Cl,62,2020-09-15 19:26:20,CC(CC1CCCC2CCCCC21)C1CCCC2CCCCC21
172,MAT-POS-044491d2-3,56,2020-11-20 05:37:53,CC(CC1CCCCC1)CC1CCCC(CC2CC2)C1,CNC(=O)C[N@H+]1Cc2ccc(cc2[C@]3(C1)CCN(C3=O)c4cncc5c4CCCC5)Cl,1,2020-11-20 05:37:53,CC(CC1CCCCC1)CC1CCCC(CC2CC2)C1
173,MAT-POS-199e2e7c-1,24,2020-10-15 14:55:31,CC(CC1CCCCC1)CC1CCCC2CCCC21,CNC(=O)C[N@H+]1Cc2ccc(cc2[C@]3(C1)CCN(C3=O)c4cncc5c4CCCC5)Cl,4,2020-08-13 17:02:40,CC(CC1CCCCC1)CC1CCCC2CCCC21
174,ERI-UCB-a0b0dbcb-9,86,2020-10-15 17:01:03,CC1CC2CCCCC2C(C(C)C2CC(CC3CCCCC3)C2)C1,CNC(=O)C[N@H+]1Cc2ccc(cc2[C@]3(C1)CCN(C3=O)c4cncc5c4CCCC5)Cl,1,2020-10-15 17:01:03,CC1CC2CCCCC2C(C(C)C2CC(CC3CCCCC3)C2)C1
175,MAT-POS-3b92565d-1,3,2020-09-25 22:23:53,CC(CC1CCCCC1)CC1CCCC2CCCCC21,CNC(=O)C[N@H+]1Cc2ccc(cc2[C@]3(C1)CCN(C3=O)c4cncc5c4CCCC5)Cl,55,2020-04-21 20:06:55,CC(CC1CCCCC1)CC1CCCC2CCCCC21
176,ALP-POS-cd485364-2,20,2020-11-20 04:30:19,CC(CC1CCCCC1)C1CCCC2CCCCC21,CNC(=O)C[N@H+]1Cc2ccc(cc2[C@]3(C1)CCN(C3=O)c4cncc5c4CCCC5)Cl,4,2020-07-10 04:34:09,CC(CC1CCCCC1)C1CCCC2CCCCC21
177,MAT-POS-bb423b95-2,3,2020-09-15 20:35:28,CC(CC1CCCCC1)CC1CCCC2CCCCC21,CNC(=O)C[N@H+]1Cc2ccc(cc2[C@]3(C1)CCN(C3=O)c4cncc5c4CCCC5)Cl,55,2020-04-21 20:06:55,CC(CC1CCCCC1)CC1CCCC2CCCCC21
178,MAT-POS-f7918075-8,24,2020-10-08 22:28:38,CC(CC1CCCCC1)CC1CCCC2CCCC21,CNC(=O)C[N@H+]1Cc2ccc(cc2[C@]3(C1)CCN(C3=O)c4cncc5c4CCCC5)Cl,4,2020-08-13 17:02:40,CC(CC1CCCCC1)CC1CCCC2CCCC21
179,MAT-POS-044491d2-7,2,2020-12-01 19:26:08,CC(CC1CCCCC1)CC1CCCCC1,CNC(=O)C[N@H+]1Cc2ccc(cc2[C@]3(C1)CCN(C3=O)c4cncc5c4CCCC5)Cl,58,2020-02-27 01:46:57,CC(CC1CCCCC1)CC1CCCCC1
180,EDJ-MED-6af13d92-2,6,2020-08-04 15:29:16,CC1CC2CCCCC2C(C(C)CCCCC2CCCCC2)C1,CNC(=O)C[N@H+]1Cc2ccc(cc2[C@]3(C1)CCN(C3=O)c4cncc5c4CCCC5)Cl,8,2020-05-08 11:06:29,CC1CC2CCCCC2C(C(C)CCCCC2CCCCC2)C1
181,ALP-POS-0c2c77e1-1,87,2020-09-16 13:37:49,CC(CC1CCCCC1)CC1CCCCC1C1CCCCC1,CNC(=O)C[N@H+]1Cc2ccc(cc2[C@]3(C1)CCN(C3=O)c4cncc5c4CCCC5)Cl,1,2020-09-16 13:37:49,CC(CC1CCCCC1)CC1CCCCC1C1CCCCC1
182,MAR-UCB-f313ec4d-2,94,2020-10-09 00:26:20,CC(CCCCC1CCCCC1)C1CCCC2CCCCC21,CNC(=O)C[N@H+]1Cc2ccc(cc2[C@]3(C1)CCN(C3=O)c4cncc5c4CCCC5)Cl,1,2020-10-09 00:26:20,CC(CCCCC1CCCCC1)C1CCCC2CCCCC21
183,EDG-MED-0da5ad92-5,2,2020-09-15 20:58:07,CC(CC1CCCCC1)CC1CCCCC1,CNC(=O)C[N@H+]1Cc2ccc(cc2[C@]3(C1)CCN(C3=O)c4cncc5c4CCCC5)Cl,58,2020-02-27 01:46:57,CC(CC1CCCCC1)CC1CCCCC1
184,EDJ-MED-50fe53e8-1,3,2020-09-15 19:47:32,CC(CC1CCCCC1)CC1CCCC2CCCCC21,CNC(=O)C[N@H+]1Cc2ccc(cc2[C@]3(C1)CCN(C3=O)c4cncc5c4CCCC5)Cl,55,2020-04-21 20:06:55,CC(CC1CCCCC1)CC1CCCC2CCCCC21
185,MAT-POS-bfb445d4-2,10,2020-10-09 00:02:46,CC(CC1CCCCC1)CC1CCC2CCCCC21,CNC(=O)C[N@H+]1Cc2ccc(cc2[C@]3(C1)CCN(C3=O)c4cncc5c4CCCC5)Cl,6,2020-06-30 16:11:11,CC(CC1CCCCC1)CC1CCC2CCCCC21
186,ANT-DIA-62e4526e-1,49,2020-11-20 04:34:35,CC(CC1CCC2CCCCC21)C1CCCCC1,CNC(=O)C[N@H+]1Cc2ccc(cc2[C@]3(C1)CCN(C3=O)c4cncc5c4CCCC5)Cl,2,2020-03-05 13:28:50,CC(CC1CCC2CCCCC21)C1CCCCC1
187,MAT-POS-5d20d11c-1,4,2020-10-08 20:38:52,C1CCCCC1,CNC(=O)C[N@H+]1Cc2ccc(cc2[C@]3(C1)CCN(C3=O)c4cncc5c4CCCC5)Cl,10,2020-02-26 12:58:15,C1CCCCC1
188,PET-UNK-e44ffd04-1,10,2020-10-15 15:45:41,CC(CC1CCCCC1)CC1CCC2CCCCC21,CNC(=O)C[N@H+]1Cc2ccc(cc2[C@]3(C1)CCN(C3=O)c4cncc5c4CCCC5)Cl,6,2020-06-30 16:11:11,CC(CC1CCCCC1)CC1CCC2CCCCC21
189,PET-UNK-3c72d439-1,3,2020-10-09 00:26:15,CC(CC1CCCCC1)CC1CCCC2CCCCC21,CNC(=O)C[N@H+]1Cc2ccc(cc2[C@]3(C1)CCN(C3=O)c4cncc5c4CCCC5)Cl,55,2020-04-21 20:06:55,CC(CC1CCCCC1)CC1CCCC2CCCCC21
190,TRY-UNI-2eddb1ff-8,8,2020-09-25 21:11:57,CC(CC1CCCCC1)CC1CCCC(CC2CC(C)C2)C1,CNC(=O)C[N@H+]1Cc2ccc(cc2[C@]3(C1)CCN(C3=O)c4cncc5c4CCCC5)Cl,7,2020-04-21 20:02:37,CC(CC1CCCCC1)CC1CCCC(CC2CC(C)C2)C1
191,MIC-UNK-66895286-3,11,2020-09-11 10:27:43,CC(CC1CCCCC1)CC1CCCC1,CNC(=O)C[N@H+]1Cc2ccc(cc2[C@]3(C1)CCN(C3=O)c4cncc5c4CCCC5)Cl,7,2020-04-21 22:10:54,CC(CC1CCCCC1)CC1CCCC1
192,ALP-POS-6d04362c-1,33,2020-11-27 14:03:54,CC(CC1CCC2CCCCC21)C(CC1CCCCC1)C1CCCCC1,CNC(=O)C[N@H+]1Cc2ccc(cc2[C@]3(C1)CCN(C3=O)c4cncc5c4CCCC5)Cl,3,2020-11-20 03:41:28,CC(CC1CCC2CCCCC21)C(CC1CCCCC1)C1CCCCC1
193,MAT-POS-590ac91e-17,4,2020-09-11 11:10:11,C1CCCCC1,CNC(=O)C[N@H+]1Cc2ccc(cc2[C@]3(C1)CCN(C3=O)c4cncc5c4CCCC5)Cl,10,2020-02-26 12:58:15,C1CCCCC1
194,MAT-POS-2db6411e-2,16,2020-10-14 19:58:48,C1CCC(CC2CCCCC2)CC1,CNC(=O)C[N@H+]1Cc2ccc(cc2[C@]3(C1)CCN(C3=O)c4cncc5c4CCCC5)Cl,1,2020-10-14 19:58:48,C1CCC(CC2CCCCC2)CC1
195,MAT-POS-bb423b95-7,3,2020-09-15 19:32:26,CC(CC1CCCCC1)CC1CCCC2CCCCC21,CNC(=O)C[N@H+]1Cc2ccc(cc2[C@]3(C1)CCN(C3=O)c4cncc5c4CCCC5)Cl,55,2020-04-21 20:06:55,CC(CC1CCCCC1)CC1CCCC2CCCCC21
196,MAT-POS-bb423b95-1,3,2020-09-11 10:31:10,CC(CC1CCCCC1)CC1CCCC2CCCCC21,CNC(=O)C[N@H+]1Cc2ccc(cc2[C@]3(C1)CCN(C3=O)c4cncc5c4CCCC5)Cl,55,2020-04-21 20:06:55,CC(CC1CCCCC1)CC1CCCC2CCCCC21
197,ALP-POS-87c86d55-1,14,2020-11-20 02:33:30,CC(CC1CCC2CCCCC21)C(CC1CCCC1)C1CCCCC1,CNC(=O)C[N@H+]1Cc2ccc(cc2[C@]3(C1)CCN(C3=O)c4cncc5c4CCCC5)Cl,5,2020-07-02 19:37:31,CC(CC1CCC2CCCCC21)C(CC1CCCC1)C1CCCCC1
198,ALP-POS-477dc5b7-2,1,2020-11-20 03:29:47,CC(CC1CCCC2CCCCC21)C1CCCC2CCCCC21,CNC(=O)C[N@H+]1Cc2ccc(cc2[C@]3(C1)CCN(C3=O)c4cncc5c4CCCC5)Cl,62,2020-09-15 19:26:20,CC(CC1CCCC2CCCCC21)C1CCCC2CCCCC21
199,ERI-UCB-a0b0dbcb-4,32,2020-09-25 22:49:12,CC1CC2CCCCC2C(C(C)C2CCC(C3CCCCC3)CC2)C1,CNC(=O)C[N@H+]1Cc2ccc(cc2[C@]3(C1)CCN(C3=O)c4cncc5c4CCCC5)Cl,3,2020-05-19 15:23:28,CC1CC2CCCCC2C(C(C)C2CCC(C3CCCCC3)CC2)C1
200,MIC-UNK-08cd9c58-1,3,2020-09-11 10:43:49,CC(CC1CCCCC1)CC1CCCC2CCCCC21,CNC(=O)C[N@H+]1Cc2ccc(cc2[C@]3(C1)CCN(C3=O)c4cncc5c4CCCC5)Cl,55,2020-04-21 20:06:55,CC(CC1CCCCC1)CC1CCCC2CCCCC21
201,ALP-POS-f13221e1-4,22,2020-09-15 19:58:50,CC(CCC1CCCCC1)CC1CCCCC1,CNC(=O)C[N@H+]1Cc2ccc(cc2[C@]3(C1)CCN(C3=O)c4cncc5c4CCCC5)Cl,4,2020-06-30 16:46:49,CC(CCC1CCCCC1)CC1CCCCC1
202,ALP-POS-c0c213c9-1,74,2020-10-08 22:56:52,CC(CC1CCC2CCCCC21)C(CC1CCCCC1)C1CCC(C2CCCCC2)CC1,CNC(=O)C[N@H+]1Cc2ccc(cc2[C@]3(C1)CCN(C3=O)c4cncc5c4CCCC5)Cl,1,2020-10-08 22:56:52,CC(CC1CCC2CCCCC21)C(CC1CCCCC1)C1CCC(C2CCCCC2)CC1
203,ALP-POS-95b75b4d-5,51,2020-09-11 10:32:31,CC(CC1CCCCC1)CC1CCCCC1C1CC1,CNC(=O)C[N@H+]1Cc2ccc(cc2[C@]3(C1)CCN(C3=O)c4cncc5c4CCCC5)Cl,2,2020-09-11 10:32:31,CC(CC1CCCCC1)CC1CCCCC1C1CC1
204,MAT-POS-2bb0cf2b-2,43,2021-01-14 22:44:59,CC(CC1CCCC2CCCC21)C1CCCC2CCCCC21,CNC(=O)C[N@H+]1Cc2ccc(cc2[C@]3(C1)CCN(C3=O)c4cncc5c4CCCC5)Cl,1,2021-01-14 22:44:59,CC(CC1CCCC2CCCC21)C1CCCC2CCCCC21
205,EDG-MED-0e5afe9d-3,1,2021-01-14 22:10:20,CC(CC1CCCC2CCCCC21)C1CCCC2CCCCC21,CNC(=O)C[N@H+]1Cc2ccc(cc2[C@]3(C1)CCN(C3=O)c4cncc5c4CCCC5)Cl,62,2020-09-15 19:26:20,CC(CC1CCCC2CCCCC21)C1CCCC2CCCCC21
206,ALP-POS-64a710fa-1,140,2020-12-17 14:43:50,CC(CC1CCCC2CCCCC21)C(CCC1CCCCC1)CC1CCCC1,CNC(=O)C[N@H+]1Cc2ccc(cc2[C@]3(C1)CCN(C3=O)c4cncc5c4CCCC5)Cl,1,2020-12-17 14:43:50,CC(CC1CCCC2CCCCC21)C(CCC1CCCCC1)CC1CCCC1
207,ALP-POS-ce760d3f-8,28,2020-12-17 15:14:00,CC1C(C2CCCCC2)CCCC1C1CCCC2CCCCC21,CNC(=O)C[N@H+]1Cc2ccc(cc2[C@]3(C1)CCN(C3=O)c4cncc5c4CCCC5)Cl,3,2020-12-17 02:21:36,CC1C(C2CCCCC2)CCCC1C1CCCC2CCCCC21
208,BEN-DND-4f474d93-1,1,2020-12-17 14:45:12,CC(CC1CCCC2CCCCC21)C1CCCC2CCCCC21,CNC(=O)C[N@H+]1Cc2ccc(cc2[C@]3(C1)CCN(C3=O)c4cncc5c4CCCC5)Cl,62,2020-09-15 19:26:20,CC(CC1CCCC2CCCCC21)C1CCCC2CCCCC21
209,ALP-POS-8b8a49e1-4,96,2020-12-17 15:30:39,CC1CCCC(CC(C)C2CCCC3CCCCC32)C1,CNC(=O)C[N@H+]1Cc2ccc(cc2[C@]3(C1)CCN(C3=O)c4cncc5c4CCCC5)Cl,1,2020-12-17 15:30:39,CC1CCCC(CC(C)C2CCCC3CCCCC32)C1
210,ERI-UCB-d6de1f3c-2,145,2020-12-17 02:08:45,CC1CC(C(C)C2CCCC3CCCCC32)CCC1C1CCCCC1,CNC(=O)C[N@H+]1Cc2ccc(cc2[C@]3(C1)CCN(C3=O)c4cncc5c4CCCC5)Cl,1,2020-12-17 02:08:45,CC1CC(C(C)C2CCCC3CCCCC32)CCC1C1CCCCC1
211,PET-UNK-c9c1e0d8-3,28,2020-12-17 02:21:36,CC1C(C2CCCCC2)CCCC1C1CCCC2CCCCC21,CNC(=O)C[N@H+]1Cc2ccc(cc2[C@]3(C1)CCN(C3=O)c4cncc5c4CCCC5)Cl,3,2020-12-17 02:21:36,CC1C(C2CCCCC2)CCCC1C1CCCC2CCCCC21
212,ERI-UCB-d6de1f3c-1,99,2020-12-17 15:22:18,CC1CC2CCCCC2C(C(C)C2CCC(C3CCCCC3)C(C)C2)C1,CNC(=O)C[N@H+]1Cc2ccc(cc2[C@]3(C1)CCN(C3=O)c4cncc5c4CCCC5)Cl,1,2020-12-17 15:22:18,CC1CC2CCCCC2C(C(C)C2CCC(C3CCCCC3)C(C)C2)C1
213,MAT-POS-afd4d4fd-2,3,2020-12-17 15:19:00,CC(CC1CCCCC1)CC1CCCC2CCCCC21,CNC(=O)C[N@H+]1Cc2ccc(cc2[C@]3(C1)CCN(C3=O)c4cncc5c4CCCC5)Cl,55,2020-04-21 20:06:55,CC(CC1CCCCC1)CC1CCCC2CCCCC21
214,ALP-POS-ce760d3f-4,1,2021-01-14 23:10:54,CC(CC1CCCC2CCCCC21)C1CCCC2CCCCC21,CNC(=O)C[N@H+]1Cc2ccc(cc2[C@]3(C1)CCN(C3=O)c4cncc5c4CCCC5)Cl,62,2020-09-15 19:26:20,CC(CC1CCCC2CCCCC21)C1CCCC2CCCCC21
215,EDJ-MED-3c65e9ce-4,2,2021-01-14 23:58:00,CC(CC1CCCCC1)CC1CCCCC1,CNC(=O)C[N@H+]1Cc2ccc(cc2[C@]3(C1)CCN(C3=O)c4cncc5c4CCCC5)Cl,58,2020-02-27 01:46:57,CC(CC1CCCCC1)CC1CCCCC1
216,MIC-UNK-91acba05-6,1,2021-01-14 22:37:46,CC(CC1CCCC2CCCCC21)C1CCCC2CCCCC21,CNC(=O)C[N@H+]1Cc2ccc(cc2[C@]3(C1)CCN(C3=O)c4cncc5c4CCCC5)Cl,62,2020-09-15 19:26:20,CC(CC1CCCC2CCCCC21)C1CCCC2CCCCC21
217,BEN-DND-c852c98b-10,1,2021-01-14 22:09:34,CC(CC1CCCC2CCCCC21)C1CCCC2CCCCC21,CNC(=O)C[N@H+]1Cc2ccc(cc2[C@]3(C1)CCN(C3=O)c4cncc5c4CCCC5)Cl,62,2020-09-15 19:26:20,CC(CC1CCCC2CCCCC21)C1CCCC2CCCCC21
218,EDJ-MED-3c65e9ce-2,51,2021-01-14 22:51:46,CC(CC1CCCCC1)CC1CCCCC1C1CC1,CNC(=O)C[N@H+]1Cc2ccc(cc2[C@]3(C1)CCN(C3=O)c4cncc5c4CCCC5)Cl,2,2020-09-11 10:32:31,CC(CC1CCCCC1)CC1CCCCC1C1CC1
219,MAT-POS-c7771779-1,40,2021-01-14 22:02:37,CC1CC2CCCCC2C(C(C)CC2CCCC3CCCCC32)C1,CNC(=O)C[N@H+]1Cc2ccc(cc2[C@]3(C1)CCN(C3=O)c4cncc5c4CCCC5)Cl,2,2021-01-14 22:02:37,CC1CC2CCCCC2C(C(C)CC2CCCC3CCCCC32)C1
220,MAT-POS-2bb0cf2b-1,1,2021-01-14 23:15:37,CC(CC1CCCC2CCCCC21)C1CCCC2CCCCC21,CNC(=O)C[N@H+]1Cc2ccc(cc2[C@]3(C1)CCN(C3=O)c4cncc5c4CCCC5)Cl,62,2020-09-15 19:26:20,CC(CC1CCCC2CCCCC21)C1CCCC2CCCCC21
221,EDG-MED-0e5afe9d-1,108,2021-01-14 22:05:51,CC1CC2CCCC(CC(C)C3CCCC4CCCCC43)C2C1,CNC(=O)C[N@H+]1Cc2ccc(cc2[C@]3(C1)CCN(C3=O)c4cncc5c4CCCC5)Cl,1,2021-01-14 22:05:51,CC1CC2CCCC(CC(C)C3CCCC4CCCCC43)C2C1
222,MAT-POS-3b97339c-2,1,2021-02-24 18:49:30,CC(CC1CCCC2CCCCC21)C1CCCC2CCCCC21,CNC(=O)C[N@H+]1Cc2ccc(cc2[C@]3(C1)CCN(C3=O)c4cncc5c4CCCC5)Cl,62,2020-09-15 19:26:20,CC(CC1CCCC2CCCCC21)C1CCCC2CCCCC21
223,MAT-POS-de59a476-4,3,2021-02-11 23:26:05,CC(CC1CCCCC1)CC1CCCC2CCCCC21,CNC(=O)C[N@H+]1Cc2ccc(cc2[C@]3(C1)CCN(C3=O)c4cncc5c4CCCC5)Cl,55,2020-04-21 20:06:55,CC(CC1CCCCC1)CC1CCCC2CCCCC21
224,RAL-THA-4aa06b95-7,1,2021-03-06 04:28:03,CC(CC1CCCC2CCCCC21)C1CCCC2CCCCC21,CNC(=O)C[N@H+]1Cc2ccc(cc2[C@]3(C1)CCN(C3=O)c4cncc5c4CCCC5)Cl,62,2020-09-15 19:26:20,CC(CC1CCCC2CCCCC21)C1CCCC2CCCCC21
225,EDG-MED-5d232de5-4,1,2021-02-12 14:32:41,CC(CC1CCCC2CCCCC21)C1CCCC2CCCCC21,CNC(=O)C[N@H+]1Cc2ccc(cc2[C@]3(C1)CCN(C3=O)c4cncc5c4CCCC5)Cl,62,2020-09-15 19:26:20,CC(CC1CCCC2CCCCC21)C1CCCC2CCCCC21
226,RAL-THA-2d450e86-17,3,2021-02-12 00:52:45,CC(CC1CCCCC1)CC1CCCC2CCCCC21,CNC(=O)C[N@H+]1Cc2ccc(cc2[C@]3(C1)CCN(C3=O)c4cncc5c4CCCC5)Cl,55,2020-04-21 20:06:55,CC(CC1CCCCC1)CC1CCCC2CCCCC21
227,RAL-THA-2d450e86-6,3,2021-02-12 13:07:48,CC(CC1CCCCC1)CC1CCCC2CCCCC21,CNC(=O)C[N@H+]1Cc2ccc(cc2[C@]3(C1)CCN(C3=O)c4cncc5c4CCCC5)Cl,55,2020-04-21 20:06:55,CC(CC1CCCCC1)CC1CCCC2CCCCC21
228,EDJ-MED-37aac4bd-4,1,2021-03-06 05:35:20,CC(CC1CCCC2CCCCC21)C1CCCC2CCCCC21,CNC(=O)C[N@H+]1Cc2ccc(cc2[C@]3(C1)CCN(C3=O)c4cncc5c4CCCC5)Cl,62,2020-09-15 19:26:20,CC(CC1CCCC2CCCCC21)C1CCCC2CCCCC21
229,MAT-POS-fce787c2-3,3,2021-02-12 13:37:35,CC(CC1CCCCC1)CC1CCCC2CCCCC21,CNC(=O)C[N@H+]1Cc2ccc(cc2[C@]3(C1)CCN(C3=O)c4cncc5c4CCCC5)Cl,55,2020-04-21 20:06:55,CC(CC1CCCCC1)CC1CCCC2CCCCC21
230,RAL-THA-2d450e86-1,3,2021-02-12 00:50:47,CC(CC1CCCCC1)CC1CCCC2CCCCC21,CNC(=O)C[N@H+]1Cc2ccc(cc2[C@]3(C1)CCN(C3=O)c4cncc5c4CCCC5)Cl,55,2020-04-21 20:06:55,CC(CC1CCCCC1)CC1CCCC2CCCCC21
231,ERI-UCB-ce40166b-17,155,2021-02-02 19:40:00,CC1CC(CC2CCCC(CCCCC(C)C3CC(C)CC4CCCCC43)C2)C1,CNC(=O)C[N@H+]1Cc2ccc(cc2[C@]3(C1)CCN(C3=O)c4cncc5c4CCCC5)Cl,1,2021-02-02 19:40:00,CC1CC(CC2CCCC(CCCCC(C)C3CC(C)CC4CCCCC43)C2)C1
232,MAT-POS-f2460aef-1,38,2021-02-02 19:38:00,CC(CCCC1CCCCC1)C(C1CCCCC1)C(C1CCCCC1)C(C)C1CCCC1,CNC(=O)C[N@H+]1Cc2ccc(cc2[C@]3(C1)CCN(C3=O)c4cncc5c4CCCC5)Cl,1,2021-02-02 19:38:00,CC(CCCC1CCCCC1)C(C1CCCCC1)C(C1CCCCC1)C(C)C1CCCC1
233,PET-UNK-c9c1e0d8-4,35,2021-02-02 20:05:00,CC1C(C2CCCCC2)CCC1C1CCCC2CCCCC21,CNC(=O)C[N@H+]1Cc2ccc(cc2[C@]3(C1)CCN(C3=O)c4cncc5c4CCCC5)Cl,3,2021-02-02 20:05:00,CC1C(C2CCCCC2)CCC1C1CCCC2CCCCC21
234,RAL-THA-4aa06b95-1,1,2021-02-12 00:21:24,CC(CC1CCCC2CCCCC21)C1CCCC2CCCCC21,CNC(=O)C[N@H+]1Cc2ccc(cc2[C@]3(C1)CCN(C3=O)c4cncc5c4CCCC5)Cl,62,2020-09-15 19:26:20,CC(CC1CCCC2CCCCC21)C1CCCC2CCCCC21
235,MAT-POS-6c284e65-1,37,2021-02-12 00:25:03,CC(CC1CCCC2CCCCC21)C(CC1CCCCC1)C1CCCCC1,CNC(=O)C[N@H+]1Cc2ccc(cc2[C@]3(C1)CCN(C3=O)c4cncc5c4CCCC5)Cl,2,2021-02-11 23:12:32,CC(CC1CCCC2CCCCC21)C(CC1CCCCC1)C1CCCCC1
236,MIC-UNK-45817b9b-1,40,2021-02-12 00:31:26,CC1CC2CCCCC2C(C(C)CC2CCCC3CCCCC32)C1,CNC(=O)C[N@H+]1Cc2ccc(cc2[C@]3(C1)CCN(C3=O)c4cncc5c4CCCC5)Cl,2,2021-01-14 22:02:37,CC1CC2CCCCC2C(C(C)CC2CCCC3CCCCC32)C1
237,RAL-THA-2d450e86-26,3,2021-02-12 00:34:00,CC(CC1CCCCC1)CC1CCCC2CCCCC21,CNC(=O)C[N@H+]1Cc2ccc(cc2[C@]3(C1)CCN(C3=O)c4cncc5c4CCCC5)Cl,55,2020-04-21 20:06:55,CC(CC1CCCCC1)CC1CCCC2CCCCC21
238,RAL-THA-2d450e86-33,3,2021-02-12 00:43:11,CC(CC1CCCCC1)CC1CCCC2CCCCC21,CNC(=O)C[N@H+]1Cc2ccc(cc2[C@]3(C1)CCN(C3=O)c4cncc5c4CCCC5)Cl,55,2020-04-21 20:06:55,CC(CC1CCCCC1)CC1CCCC2CCCCC21
239,RAL-THA-2d450e86-10,3,2021-02-12 00:41:22,CC(CC1CCCCC1)CC1CCCC2CCCCC21,CNC(=O)C[N@H+]1Cc2ccc(cc2[C@]3(C1)CCN(C3=O)c4cncc5c4CCCC5)Cl,55,2020-04-21 20:06:55,CC(CC1CCCCC1)CC1CCCC2CCCCC21
240,RAL-THA-2d450e86-13,3,2021-02-12 00:54:32,CC(CC1CCCCC1)CC1CCCC2CCCCC21,CNC(=O)C[N@H+]1Cc2ccc(cc2[C@]3(C1)CCN(C3=O)c4cncc5c4CCCC5)Cl,55,2020-04-21 20:06:55,CC(CC1CCCCC1)CC1CCCC2CCCCC21
241,RAL-THA-2d450e86-7,3,2021-02-12 00:59:12,CC(CC1CCCCC1)CC1CCCC2CCCCC21,CNC(=O)C[N@H+]1Cc2ccc(cc2[C@]3(C1)CCN(C3=O)c4cncc5c4CCCC5)Cl,55,2020-04-21 20:06:55,CC(CC1CCCCC1)CC1CCCC2CCCCC21
242,RAL-THA-2d450e86-16,3,2021-02-12 01:20:52,CC(CC1CCCCC1)CC1CCCC2CCCCC21,CNC(=O)C[N@H+]1Cc2ccc(cc2[C@]3(C1)CCN(C3=O)c4cncc5c4CCCC5)Cl,55,2020-04-21 20:06:55,CC(CC1CCCCC1)CC1CCCC2CCCCC21
243,MAT-POS-f9802937-7,1,2021-02-12 14:22:26,CC(CC1CCCC2CCCCC21)C1CCCC2CCCCC21,CNC(=O)C[N@H+]1Cc2ccc(cc2[C@]3(C1)CCN(C3=O)c4cncc5c4CCCC5)Cl,62,2020-09-15 19:26:20,CC(CC1CCCC2CCCCC21)C1CCCC2CCCCC21
244,MAT-POS-fce787c2-5,3,2021-02-12 13:52:11,CC(CC1CCCCC1)CC1CCCC2CCCCC21,CNC(=O)C[N@H+]1Cc2ccc(cc2[C@]3(C1)CCN(C3=O)c4cncc5c4CCCC5)Cl,55,2020-04-21 20:06:55,CC(CC1CCCCC1)CC1CCCC2CCCCC21
245,ALP-UNI-3735e77e-2,1,2021-02-12 13:17:37,CC(CC1CCCC2CCCCC21)C1CCCC2CCCCC21,CNC(=O)C[N@H+]1Cc2ccc(cc2[C@]3(C1)CCN(C3=O)c4cncc5c4CCCC5)Cl,62,2020-09-15 19:26:20,CC(CC1CCCC2CCCCC21)C1CCCC2CCCCC21
246,EDG-MED-971238d3-1,1,2021-02-12 13:48:37,CC(CC1CCCC2CCCCC21)C1CCCC2CCCCC21,CNC(=O)C[N@H+]1Cc2ccc(cc2[C@]3(C1)CCN(C3=O)c4cncc5c4CCCC5)Cl,62,2020-09-15 19:26:20,CC(CC1CCCC2CCCCC21)C1CCCC2CCCCC21
247,RAL-THA-05e671eb-10,1,2021-02-12 13:57:26,CC(CC1CCCC2CCCCC21)C1CCCC2CCCCC21,CNC(=O)C[N@H+]1Cc2ccc(cc2[C@]3(C1)CCN(C3=O)c4cncc5c4CCCC5)Cl,62,2020-09-15 19:26:20,CC(CC1CCCC2CCCCC21)C1CCCC2CCCCC21
248,EDG-MED-5d232de5-1,1,2021-02-12 15:00:26,CC(CC1CCCC2CCCCC21)C1CCCC2CCCCC21,CNC(=O)C[N@H+]1Cc2ccc(cc2[C@]3(C1)CCN(C3=O)c4cncc5c4CCCC5)Cl,62,2020-09-15 19:26:20,CC(CC1CCCC2CCCCC21)C1CCCC2CCCCC21
249,ALP-POS-869ac754-1,1,2021-02-12 13:23:31,CC(CC1CCCC2CCCCC21)C1CCCC2CCCCC21,CNC(=O)C[N@H+]1Cc2ccc(cc2[C@]3(C1)CCN(C3=O)c4cncc5c4CCCC5)Cl,62,2020-09-15 19:26:20,CC(CC1CCCC2CCCCC21)C1CCCC2CCCCC21
250,EDJ-MED-d08626de-3,1,2021-02-19 11:47:59,CC(CC1CCCC2CCCCC21)C1CCCC2CCCCC21,CNC(=O)C[N@H+]1Cc2ccc(cc2[C@]3(C1)CCN(C3=O)c4cncc5c4CCCC5)Cl,62,2020-09-15 19:26:20,CC(CC1CCCC2CCCCC21)C1CCCC2CCCCC21
251,EDJ-MED-e4b030d8-11,1,2021-03-06 05:34:37,CC(CC1CCCC2CCCCC21)C1CCCC2CCCCC21,CNC(=O)C[N@H+]1Cc2ccc(cc2[C@]3(C1)CCN(C3=O)c4cncc5c4CCCC5)Cl,62,2020-09-15 19:26:20,CC(CC1CCCC2CCCCC21)C1CCCC2CCCCC21
252,MAT-POS-78e1d523-1,1,2021-03-06 06:51:48,CC(CC1CCCC2CCCCC21)C1CCCC2CCCCC21,CNC(=O)C[N@H+]1Cc2ccc(cc2[C@]3(C1)CCN(C3=O)c4cncc5c4CCCC5)Cl,62,2020-09-15 19:26:20,CC(CC1CCCC2CCCCC21)C1CCCC2CCCCC21
253,ALP-POS-fe871b40-11,1,2021-03-06 06:45:06,CC(CC1CCCC2CCCCC21)C1CCCC2CCCCC21,CNC(=O)C[N@H+]1Cc2ccc(cc2[C@]3(C1)CCN(C3=O)c4cncc5c4CCCC5)Cl,62,2020-09-15 19:26:20,CC(CC1CCCC2CCCCC21)C1CCCC2CCCCC21
254,MAT-POS-4223bc15-30,50,2021-04-29 16:26:16,CC(CC1CCCC2CCCCC21)C1CC(C(C)(C)C2CCCC2)CC2CCCCC21,CNC(=O)C[N@H+]1Cc2ccc(cc2[C@]3(C1)CCN(C3=O)c4cncc5c4CCCC5)Cl,2,2021-04-29 16:26:16,CC(CC1CCCC2CCCCC21)C1CC(C(C)(C)C2CCCC2)CC2CCCCC21
255,MAT-POS-4223bc15-3,100,2021-04-29 16:55:09,CC(CC1CCCC2CCCCC21)C1CC(C(C)(C)C2CC2)CC2CCCCC21,CNC(=O)C[N@H+]1Cc2ccc(cc2[C@]3(C1)CCN(C3=O)c4cncc5c4CCCC5)Cl,1,2021-04-29 16:55:09,CC(CC1CCCC2CCCCC21)C1CC(C(C)(C)C2CC2)CC2CCCCC21
256,MAT-POS-4223bc15-2,1,2021-04-29 17:07:45,CC(CC1CCCC2CCCCC21)C1CCCC2CCCCC21,CNC(=O)C[N@H+]1Cc2ccc(cc2[C@]3(C1)CCN(C3=O)c4cncc5c4CCCC5)Cl,62,2020-09-15 19:26:20,CC(CC1CCCC2CCCCC21)C1CCCC2CCCCC21
257,LON-WEI-9739a092-9 ,80,2021-03-05 16:32:55,CC(CC1CCCC(C2CCCCC2)C1)CC1CCCC2CCCCC21,CNC(=O)C[N@H+]1Cc2ccc(cc2[C@]3(C1)CCN(C3=O)c4cncc5c4CCCC5)Cl,1,2021-03-05 16:32:55,CC(CC1CCCC(C2CCCCC2)C1)CC1CCCC2CCCCC21
258,EDJ-MED-00c1612e-1,3,2021-01-21 21:38:42,CC(CC1CCCCC1)CC1CCCC2CCCCC21,CNC(=O)C[N@H+]1Cc2ccc(cc2[C@]3(C1)CCN(C3=O)c4cncc5c4CCCC5)Cl,55,2020-04-21 20:06:55,CC(CC1CCCCC1)CC1CCCC2CCCCC21
259,EDJ-MED-8c98ee63-2,75,2021-02-19 10:48:54,CC(CC1CCCC2CCCCC21)C1(CCCC2CCCC2)CCCC2CCCCC21,CNC(=O)C[N@H+]1Cc2ccc(cc2[C@]3(C1)CCN(C3=O)c4cncc5c4CCCC5)Cl,1,2021-02-19 10:48:54,CC(CC1CCCC2CCCCC21)C1(CCCC2CCCC2)CCCC2CCCCC21
260,ALP-POS-c3a96089-4,37,2021-02-11 23:12:32,CC(CC1CCCC2CCCCC21)C(CC1CCCCC1)C1CCCCC1,CNC(=O)C[N@H+]1Cc2ccc(cc2[C@]3(C1)CCN(C3=O)c4cncc5c4CCCC5)Cl,2,2021-02-11 23:12:32,CC(CC1CCCC2CCCCC21)C(CC1CCCCC1)C1CCCCC1
261,MAT-POS-4223bc15-23,1,2021-05-12 02:28:23,CC(CC1CCCC2CCCCC21)C1CCCC2CCCCC21,CNC(=O)C[N@H+]1Cc2ccc(cc2[C@]3(C1)CCN(C3=O)c4cncc5c4CCCC5)Cl,62,2020-09-15 19:26:20,CC(CC1CCCC2CCCCC21)C1CCCC2CCCCC21
262,EDJ-MED-1981ceba-2,27,2021-07-13 15:36:05,CC(CC1CCCC2CCCCC21)C1CC(C(C)(C)C2CCC2)CC2CCCCC21,CNC(=O)C[N@H+]1Cc2ccc(cc2[C@]3(C1)CCN(C3=O)c4cncc5c4CCCC5)Cl,3,2021-07-13 15:34:41,CC(CC1CCCC2CCCCC21)C1CC(C(C)(C)C2CCC2)CC2CCCCC21
263,EDJ-MED-1981ceba-3,27,2021-07-13 15:34:41,CC(CC1CCCC2CCCCC21)C1CC(C(C)(C)C2CCC2)CC2CCCCC21,CNC(=O)C[N@H+]1Cc2ccc(cc2[C@]3(C1)CCN(C3=O)c4cncc5c4CCCC5)Cl,3,2021-07-13 15:34:41,CC(CC1CCCC2CCCCC21)C1CC(C(C)(C)C2CCC2)CC2CCCCC21
264,MAT-POS-8695a11f-1,35,2021-07-03 14:01:11,CC1C(C2CCCCC2)CCC1C1CCCC2CCCCC21,CNC(=O)C[N@H+]1Cc2ccc(cc2[C@]3(C1)CCN(C3=O)c4cncc5c4CCCC5)Cl,3,2021-02-02 20:05:00,CC1C(C2CCCCC2)CCC1C1CCCC2CCCCC21
265,MAT-POS-dc2604c4-1,23,2021-07-13 15:54:24,CC(CC1CCCC2CCCCC21)C1CC(C(C)(C)CC2CC2)CC2CCCCC21,CNC(=O)C[N@H+]1Cc2ccc(cc2[C@]3(C1)CCN(C3=O)c4cncc5c4CCCC5)Cl,4,2021-07-13 15:54:24,CC(CC1CCCC2CCCCC21)C1CC(C(C)(C)CC2CC2)CC2CCCCC21
266,MAT-POS-e9e99895-6,58,2021-03-06 08:08:14,CC(CC1CCC(C2CC2)C1C)CC(C(C)CC1CCCC2CCCCC21)C1CCCCC1,CNC(=O)C[N@H+]1Cc2ccc(cc2[C@]3(C1)CCN(C3=O)c4cncc5c4CCCC5)Cl,1,2021-03-06 08:08:14,CC(CC1CCC(C2CC2)C1C)CC(C(C)CC1CCCC2CCCCC21)C1CCCCC1
267,BEN-DND-c852c98b-5,1,2021-02-12 13:47:56,CC(CC1CCCC2CCCCC21)C1CCCC2CCCCC21,CNC(=O)C[N@H+]1Cc2ccc(cc2[C@]3(C1)CCN(C3=O)c4cncc5c4CCCC5)Cl,62,2020-09-15 19:26:20,CC(CC1CCCC2CCCCC21)C1CCCC2CCCCC21
268,BEN-DND-f2e727cd-5,1,2021-02-19 11:35:09,CC(CC1CCCC2CCCCC21)C1CCCC2CCCCC21,CNC(=O)C[N@H+]1Cc2ccc(cc2[C@]3(C1)CCN(C3=O)c4cncc5c4CCCC5)Cl,62,2020-09-15 19:26:20,CC(CC1CCCC2CCCCC21)C1CCCC2CCCCC21
269,MAT-POS-fce787c2-4,3,2021-02-11 22:47:44,CC(CC1CCCCC1)CC1CCCC2CCCCC21,CNC(=O)C[N@H+]1Cc2ccc(cc2[C@]3(C1)CCN(C3=O)c4cncc5c4CCCC5)Cl,55,2020-04-21 20:06:55,CC(CC1CCCCC1)CC1CCCC2CCCCC21
270,EDG-MED-971238d3-5,1,2021-01-14 22:46:06,CC(CC1CCCC2CCCCC21)C1CCCC2CCCCC21,CNC(=O)C[N@H+]1Cc2ccc(cc2[C@]3(C1)CCN(C3=O)c4cncc5c4CCCC5)Cl,62,2020-09-15 19:26:20,CC(CC1CCCC2CCCCC21)C1CCCC2CCCCC21
271,EDJ-MED-015fb6b4-2,5,2021-07-23 15:03:47,CC1CCC(C(C)CC2CCCC3CCCCC32)C2CCCCC12,CNC(=O)C[N@H+]1Cc2ccc(cc2[C@]3(C1)CCN(C3=O)c4cncc5c4CCCC5)Cl,8,2021-07-23 15:03:47,CC1CCC(C(C)CC2CCCC3CCCCC32)C2CCCCC12
272,MAT-POS-fce787c2-6,3,2021-02-11 23:10:29,CC(CC1CCCCC1)CC1CCCC2CCCCC21,CNC(=O)C[N@H+]1Cc2ccc(cc2[C@]3(C1)CCN(C3=O)c4cncc5c4CCCC5)Cl,55,2020-04-21 20:06:55,CC(CC1CCCCC1)CC1CCCC2CCCCC21
273,BEN-BAS-c2bc0d80-6,19,2021-02-24 18:38:17,CC1CC2(CCCC3CCCCC32)C(C)C1C1CCCC2CCCCC21,CNC(=O)C[N@H+]1Cc2ccc(cc2[C@]3(C1)CCN(C3=O)c4cncc5c4CCCC5)Cl,4,2020-12-17 15:38:07,CC1CC2(CCCC3CCCCC32)C(C)C1C1CCCC2CCCCC21
274,MAT-POS-5d65ec79-2,1,2021-02-11 23:22:24,CC(CC1CCCC2CCCCC21)C1CCCC2CCCCC21,CNC(=O)C[N@H+]1Cc2ccc(cc2[C@]3(C1)CCN(C3=O)c4cncc5c4CCCC5)Cl,62,2020-09-15 19:26:20,CC(CC1CCCC2CCCCC21)C1CCCC2CCCCC21
275,RAL-THA-2d450e86-30,3,2021-02-12 13:47:38,CC(CC1CCCCC1)CC1CCCC2CCCCC21,CNC(=O)C[N@H+]1Cc2ccc(cc2[C@]3(C1)CCN(C3=O)c4cncc5c4CCCC5)Cl,55,2020-04-21 20:06:55,CC(CC1CCCCC1)CC1CCCC2CCCCC21
276,RAL-THA-8416115c-5,48,2021-02-12 13:39:34,CC(CC1CCCC2CCCCC21)C1CCC(CC2CCCC2)C2CCCCC12,CNC(=O)C[N@H+]1Cc2ccc(cc2[C@]3(C1)CCN(C3=O)c4cncc5c4CCCC5)Cl,1,2021-02-12 13:39:34,CC(CC1CCCC2CCCCC21)C1CCC(CC2CCCC2)C2CCCCC12
277,MAT-POS-de59a476-2,3,2021-02-12 14:06:15,CC(CC1CCCCC1)CC1CCCC2CCCCC21,CNC(=O)C[N@H+]1Cc2ccc(cc2[C@]3(C1)CCN(C3=O)c4cncc5c4CCCC5)Cl,55,2020-04-21 20:06:55,CC(CC1CCCCC1)CC1CCCC2CCCCC21
278,VLA-UNK-82501c2c-1,3,2021-02-12 14:47:49,CC(CC1CCCCC1)CC1CCCC2CCCCC21,CNC(=O)C[N@H+]1Cc2ccc(cc2[C@]3(C1)CCN(C3=O)c4cncc5c4CCCC5)Cl,55,2020-04-21 20:06:55,CC(CC1CCCCC1)CC1CCCC2CCCCC21
279,EDG-MED-70ae9412-2,1,2021-02-12 14:44:58,CC(CC1CCCC2CCCCC21)C1CCCC2CCCCC21,CNC(=O)C[N@H+]1Cc2ccc(cc2[C@]3(C1)CCN(C3=O)c4cncc5c4CCCC5)Cl,62,2020-09-15 19:26:20,CC(CC1CCCC2CCCCC21)C1CCCC2CCCCC21
280,RAL-THA-2d450e86-12,3,2021-02-12 01:09:33,CC(CC1CCCCC1)CC1CCCC2CCCCC21,CNC(=O)C[N@H+]1Cc2ccc(cc2[C@]3(C1)CCN(C3=O)c4cncc5c4CCCC5)Cl,55,2020-04-21 20:06:55,CC(CC1CCCCC1)CC1CCCC2CCCCC21
281,ALP-UNI-8e43a71e-8,141,2021-02-19 11:34:20,CC(CC1(C(C)CC2CCCC3CCCCC32)CCCC2CCCCC21)C1CCCCC1,CNC(=O)C[N@H+]1Cc2ccc(cc2[C@]3(C1)CCN(C3=O)c4cncc5c4CCCC5)Cl,1,2021-02-19 11:34:20,CC(CC1(C(C)CC2CCCC3CCCCC32)CCCC2CCCCC21)C1CCCCC1
282,ALP-UNI-3735e77e-1,28,2021-03-06 05:30:51,CC1C(C2CCCCC2)CCCC1C1CCCC2CCCCC21,CNC(=O)C[N@H+]1Cc2ccc(cc2[C@]3(C1)CCN(C3=O)c4cncc5c4CCCC5)Cl,3,2020-12-17 02:21:36,CC1C(C2CCCCC2)CCCC1C1CCCC2CCCCC21
283,MAT-POS-e9e99895-11,3,2021-03-06 06:53:50,CC(CC1CCCCC1)CC1CCCC2CCCCC21,CNC(=O)C[N@H+]1Cc2ccc(cc2[C@]3(C1)CCN(C3=O)c4cncc5c4CCCC5)Cl,55,2020-04-21 20:06:55,CC(CC1CCCCC1)CC1CCCC2CCCCC21
284,MAT-POS-e9e99895-2,62,2021-03-06 07:30:23,CC(CC(C(C)CC1CCCC2CCCCC21)C1CCCCC1)C1CCCCC1,CNC(=O)C[N@H+]1Cc2ccc(cc2[C@]3(C1)CCN(C3=O)c4cncc5c4CCCC5)Cl,1,2021-03-06 07:30:23,CC(CC(C(C)CC1CCCC2CCCCC21)C1CCCCC1)C1CCCCC1
285,EDG-MED-ba1ac7b9-11,113,2021-03-06 07:29:05,CC(CC1(C(C)CC2CCCC3CCCCC32)CCCC2CCCCC21)C1CCCCC1C1CCCC1,CNC(=O)C[N@H+]1Cc2ccc(cc2[C@]3(C1)CCN(C3=O)c4cncc5c4CCCC5)Cl,1,2021-03-06 07:29:05,CC(CC1(C(C)CC2CCCC3CCCCC32)CCCC2CCCCC21)C1CCCCC1C1CCCC1
286,MAT-POS-e9e99895-13,161,2021-04-14 18:21:05,CC(CC(C(C)CC1CCCC2CCCCC21)C1CCCCC1)C1CCCC1,CNC(=O)C[N@H+]1Cc2ccc(cc2[C@]3(C1)CCN(C3=O)c4cncc5c4CCCC5)Cl,1,2021-04-14 18:21:05,CC(CC(C(C)CC1CCCC2CCCCC21)C1CCCCC1)C1CCCC1
287,EDJ-MED-9e38fd34-1,143,2021-04-14 18:55:58,CC(CC1CCCC2CCCCC21)C1C(C)CC2CCCCC21,CNC(=O)C[N@H+]1Cc2ccc(cc2[C@]3(C1)CCN(C3=O)c4cncc5c4CCCC5)Cl,1,2021-04-14 18:55:58,CC(CC1CCCC2CCCCC21)C1C(C)CC2CCCCC21
288,LON-WEI-9739a092-6,104,2021-04-14 18:53:27,CC(CC1CCCC(C2CCC(C(C)C3CCCC3)CC2)C1)CC1CCCC2CCCCC21,CNC(=O)C[N@H+]1Cc2ccc(cc2[C@]3(C1)CCN(C3=O)c4cncc5c4CCCC5)Cl,1,2021-04-14 18:53:27,CC(CC1CCCC(C2CCC(C(C)C3CCCC3)CC2)C1)CC1CCCC2CCCCC21
289,EDG-MED-ba1ac7b9-13,53,2021-04-14 19:08:56,CC(CC1(C(C)CC2CCCC3CCCCC32)CCCC2CCCCC21)C1CC2CCC1C2,CNC(=O)C[N@H+]1Cc2ccc(cc2[C@]3(C1)CCN(C3=O)c4cncc5c4CCCC5)Cl,2,2021-04-14 19:08:56,CC(CC1(C(C)CC2CCCC3CCCCC32)CCCC2CCCCC21)C1CC2CCC1C2
290,MAT-POS-fb82b63d-3,1,2021-04-15 18:16:54,CC(CC1CCCC2CCCCC21)C1CCCC2CCCCC21,CNC(=O)C[N@H+]1Cc2ccc(cc2[C@]3(C1)CCN(C3=O)c4cncc5c4CCCC5)Cl,62,2020-09-15 19:26:20,CC(CC1CCCC2CCCCC21)C1CCCC2CCCCC21
291,PET-UNK-bb7ffe78-1,3,2021-04-14 19:18:02,CC(CC1CCCCC1)CC1CCCC2CCCCC21,CNC(=O)C[N@H+]1Cc2ccc(cc2[C@]3(C1)CCN(C3=O)c4cncc5c4CCCC5)Cl,55,2020-04-21 20:06:55,CC(CC1CCCCC1)CC1CCCC2CCCCC21
292,MAT-POS-fb82b63d-1,1,2021-04-15 18:33:00,CC(CC1CCCC2CCCCC21)C1CCCC2CCCCC21,CNC(=O)C[N@H+]1Cc2ccc(cc2[C@]3(C1)CCN(C3=O)c4cncc5c4CCCC5)Cl,62,2020-09-15 19:26:20,CC(CC1CCCC2CCCCC21)C1CCCC2CCCCC21
293,EDG-MED-ba1ac7b9-21,124,2021-04-15 18:36:17,CC(CC1(C(C)CC2CCCC3CCCCC32)CCCC2CCCCC21)C1CCCC1CC1CCCC1,CNC(=O)C[N@H+]1Cc2ccc(cc2[C@]3(C1)CCN(C3=O)c4cncc5c4CCCC5)Cl,1,2021-04-15 18:36:17,CC(CC1(C(C)CC2CCCC3CCCCC32)CCCC2CCCCC21)C1CCCC1CC1CCCC1
294,EDG-MED-5d232de5-8,35,2021-04-15 18:49:26,CC1C(C2CCCCC2)CCC1C1CCCC2CCCCC21,CNC(=O)C[N@H+]1Cc2ccc(cc2[C@]3(C1)CCN(C3=O)c4cncc5c4CCCC5)Cl,3,2021-02-02 20:05:00,CC1C(C2CCCCC2)CCC1C1CCCC2CCCCC21
295,MAT-POS-dd3ad2b5-2,1,2021-04-14 20:25:37,CC(CC1CCCC2CCCCC21)C1CCCC2CCCCC21,CNC(=O)C[N@H+]1Cc2ccc(cc2[C@]3(C1)CCN(C3=O)c4cncc5c4CCCC5)Cl,62,2020-09-15 19:26:20,CC(CC1CCCC2CCCCC21)C1CCCC2CCCCC21
296,BEN-BAS-c2bc0d80-7,19,2021-04-14 18:53:45,CC1CC2(CCCC3CCCCC32)C(C)C1C1CCCC2CCCCC21,CNC(=O)C[N@H+]1Cc2ccc(cc2[C@]3(C1)CCN(C3=O)c4cncc5c4CCCC5)Cl,4,2020-12-17 15:38:07,CC1CC2(CCCC3CCCCC32)C(C)C1C1CCCC2CCCCC21
297,ALP-POS-477dc5b7-5,44,2021-04-14 20:30:15,CC1C(C2CCCC3CCCCC32)CCCC12CCCC1CCCCC12,CNC(=O)C[N@H+]1Cc2ccc(cc2[C@]3(C1)CCN(C3=O)c4cncc5c4CCCC5)Cl,2,2021-04-14 20:30:15,CC1C(C2CCCC3CCCCC32)CCCC12CCCC1CCCCC12
298,JIN-POS-6dc588a4-6,2,2021-04-15 17:51:29,CC(CC1CCCCC1)CC1CCCCC1,CNC(=O)C[N@H+]1Cc2ccc(cc2[C@]3(C1)CCN(C3=O)c4cncc5c4CCCC5)Cl,58,2020-02-27 01:46:57,CC(CC1CCCCC1)CC1CCCCC1
299,SAM-UNK-2684b532-12,2,2021-04-16 06:49:21,CC(CC1CCCCC1)CC1CCCCC1,CNC(=O)C[N@H+]1Cc2ccc(cc2[C@]3(C1)CCN(C3=O)c4cncc5c4CCCC5)Cl,58,2020-02-27 01:46:57,CC(CC1CCCCC1)CC1CCCCC1
300,EDJ-MED-611d11e7-4,1,2021-04-16 08:26:03,CC(CC1CCCC2CCCCC21)C1CCCC2CCCCC21,CNC(=O)C[N@H+]1Cc2ccc(cc2[C@]3(C1)CCN(C3=O)c4cncc5c4CCCC5)Cl,62,2020-09-15 19:26:20,CC(CC1CCCC2CCCCC21)C1CCCC2CCCCC21
301,MAT-POS-a13804f0-4,107,2021-07-13 15:22:14,CC(CC(C(C)CC1CCCC2CCCCC21)C1CCCCC1)C1CCC(C(C)C2CCCC2)C1,CNC(=O)C[N@H+]1Cc2ccc(cc2[C@]3(C1)CCN(C3=O)c4cncc5c4CCCC5)Cl,1,2021-07-13 15:22:14,CC(CC(C(C)CC1CCCC2CCCCC21)C1CCCCC1)C1CCC(C(C)C2CCCC2)C1
302,EDJ-MED-1981ceba-4,27,2021-07-13 15:39:44,CC(CC1CCCC2CCCCC21)C1CC(C(C)(C)C2CCC2)CC2CCCCC21,CNC(=O)C[N@H+]1Cc2ccc(cc2[C@]3(C1)CCN(C3=O)c4cncc5c4CCCC5)Cl,3,2021-07-13 15:34:41,CC(CC1CCCC2CCCCC21)C1CC(C(C)(C)C2CCC2)CC2CCCCC21
303,EDG-MED-10fcb19e-1,1,2021-07-13 15:38:00,CC(CC1CCCC2CCCCC21)C1CCCC2CCCCC21,CNC(=O)C[N@H+]1Cc2ccc(cc2[C@]3(C1)CCN(C3=O)c4cncc5c4CCCC5)Cl,62,2020-09-15 19:26:20,CC(CC1CCCC2CCCCC21)C1CCCC2CCCCC21
304,EDJ-MED-6bf93aa8-1,1,2021-07-13 15:52:08,CC(CC1CCCC2CCCCC21)C1CCCC2CCCCC21,CNC(=O)C[N@H+]1Cc2ccc(cc2[C@]3(C1)CCN(C3=O)c4cncc5c4CCCC5)Cl,62,2020-09-15 19:26:20,CC(CC1CCCC2CCCCC21)C1CCCC2CCCCC21
305,ALP-POS-6f6ae286-3,1,2021-07-29 14:07:56,CC(CC1CCCC2CCCCC21)C1CCCC2CCCCC21,CNC(=O)C[N@H+]1Cc2ccc(cc2[C@]3(C1)CCN(C3=O)c4cncc5c4CCCC5)Cl,62,2020-09-15 19:26:20,CC(CC1CCCC2CCCCC21)C1CCCC2CCCCC21
306,EDG-MED-70ae9412-1,139,2021-02-12 14:50:43,CC(CCC1(C(C)CC2CCCC3CCCCC32)CCCC2CCCCC21)CC1CCCC1,CNC(=O)C[N@H+]1Cc2ccc(cc2[C@]3(C1)CCN(C3=O)c4cncc5c4CCCC5)Cl,1,2021-02-12 14:50:43,CC(CCC1(C(C)CC2CCCC3CCCCC32)CCCC2CCCCC21)CC1CCCC1
307,MAT-POS-4223bc15-11,50,2021-05-12 01:31:20,CC(CC1CCCC2CCCCC21)C1CC(C(C)(C)C2CCCC2)CC2CCCCC21,CNC(=O)C[N@H+]1Cc2ccc(cc2[C@]3(C1)CCN(C3=O)c4cncc5c4CCCC5)Cl,2,2021-04-29 16:26:16,CC(CC1CCCC2CCCCC21)C1CC(C(C)(C)C2CCCC2)CC2CCCCC21
308,MAT-POS-8293a91a-8,128,2021-07-13 15:24:04,CC1C(C2CCCC3CCCCC32)CCC12CCC1CCCCC12,CNC(=O)C[N@H+]1Cc2ccc(cc2[C@]3(C1)CCN(C3=O)c4cncc5c4CCCC5)Cl,1,2021-07-13 15:24:04,CC1C(C2CCCC3CCCCC32)CCC12CCC1CCCCC12
309,MAT-POS-1f3f1a6f-1,3,2021-02-12 12:47:57,CC(CC1CCCCC1)CC1CCCC2CCCCC21,CNC(=O)C[N@H+]1Cc2ccc(cc2[C@]3(C1)CCN(C3=O)c4cncc5c4CCCC5)Cl,55,2020-04-21 20:06:55,CC(CC1CCCCC1)CC1CCCC2CCCCC21
310,MAT-POS-5cd9ea36-16,1,2021-08-12 17:34:05,CC(CC1CCCC2CCCCC21)C1CCCC2CCCCC21,CNC(=O)C[N@H+]1Cc2ccc(cc2[C@]3(C1)CCN(C3=O)c4cncc5c4CCCC5)Cl,62,2020-09-15 19:26:20,CC(CC1CCCC2CCCCC21)C1CCCC2CCCCC21
311,MAT-POS-5cd9ea36-15,1,2021-08-06 18:19:19,CC(CC1CCCC2CCCCC21)C1CCCC2CCCCC21,CNC(=O)C[N@H+]1Cc2ccc(cc2[C@]3(C1)CCN(C3=O)c4cncc5c4CCCC5)Cl,62,2020-09-15 19:26:20,CC(CC1CCCC2CCCCC21)C1CCCC2CCCCC21
312,MAT-POS-5cd9ea36-13,152,2021-08-06 18:41:48,CC(CC1CC1)CC1CC2CCCCC2C(C(C)CC2CCCC3CCCCC32)C1,CNC(=O)C[N@H+]1Cc2ccc(cc2[C@]3(C1)CCN(C3=O)c4cncc5c4CCCC5)Cl,1,2021-08-06 18:41:48,CC(CC1CC1)CC1CC2CCCCC2C(C(C)CC2CCCC3CCCCC32)C1
313,RUB-POS-1325a9ea-14,24,2021-07-13 15:18:45,CC(CC1CCCCC1)CC1CCCC2CCCC21,CNC(=O)C[N@H+]1Cc2ccc(cc2[C@]3(C1)CCN(C3=O)c4cncc5c4CCCC5)Cl,4,2020-08-13 17:02:40,CC(CC1CCCCC1)CC1CCCC2CCCC21
314,MAT-POS-4223bc15-28,1,2021-05-12 06:23:45,CC(CC1CCCC2CCCCC21)C1CCCC2CCCCC21,CNC(=O)C[N@H+]1Cc2ccc(cc2[C@]3(C1)CCN(C3=O)c4cncc5c4CCCC5)Cl,62,2020-09-15 19:26:20,CC(CC1CCCC2CCCCC21)C1CCCC2CCCCC21
315,ALP-POS-9c80c481-1,1,2021-04-15 13:25:57,CC(CC1CCCC2CCCCC21)C1CCCC2CCCCC21,CNC(=O)C[N@H+]1Cc2ccc(cc2[C@]3(C1)CCN(C3=O)c4cncc5c4CCCC5)Cl,62,2020-09-15 19:26:20,CC(CC1CCCC2CCCCC21)C1CCCC2CCCCC21
316,MAT-POS-dd3ad2b5-3,1,2021-04-15 13:38:48,CC(CC1CCCC2CCCCC21)C1CCCC2CCCCC21,CNC(=O)C[N@H+]1Cc2ccc(cc2[C@]3(C1)CCN(C3=O)c4cncc5c4CCCC5)Cl,62,2020-09-15 19:26:20,CC(CC1CCCC2CCCCC21)C1CCCC2CCCCC21
317,MAT-POS-afb6844f-1,20,2021-07-13 15:20:38,CC(CC1CCCCC1)C1CCCC2CCCCC21,CNC(=O)C[N@H+]1Cc2ccc(cc2[C@]3(C1)CCN(C3=O)c4cncc5c4CCCC5)Cl,4,2020-07-10 04:34:09,CC(CC1CCCCC1)C1CCCC2CCCCC21
318,MAT-POS-4223bc15-18,1,2021-04-29 16:56:28,CC(CC1CCCC2CCCCC21)C1CCCC2CCCCC21,CNC(=O)C[N@H+]1Cc2ccc(cc2[C@]3(C1)CCN(C3=O)c4cncc5c4CCCC5)Cl,62,2020-09-15 19:26:20,CC(CC1CCCC2CCCCC21)C1CCCC2CCCCC21
319,PET-UNK-d899bab6-1,3,2021-09-25 15:31:47,CC(CC1CCCCC1)CC1CCCC2CCCCC21,CNC(=O)C[N@H+]1Cc2ccc(cc2[C@]3(C1)CCN(C3=O)c4cncc5c4CCCC5)Cl,55,2020-04-21 20:06:55,CC(CC1CCCCC1)CC1CCCC2CCCCC21
320,MAT-POS-5cd9ea36-21,1,2021-08-12 18:02:37,CC(CC1CCCC2CCCCC21)C1CCCC2CCCCC21,CNC(=O)C[N@H+]1Cc2ccc(cc2[C@]3(C1)CCN(C3=O)c4cncc5c4CCCC5)Cl,62,2020-09-15 19:26:20,CC(CC1CCCC2CCCCC21)C1CCCC2CCCCC21
321,MAT-POS-e6dd326d-8,1,2021-05-12 02:18:53,CC(CC1CCCC2CCCCC21)C1CCCC2CCCCC21,CNC(=O)C[N@H+]1Cc2ccc(cc2[C@]3(C1)CCN(C3=O)c4cncc5c4CCCC5)Cl,62,2020-09-15 19:26:20,CC(CC1CCCC2CCCCC21)C1CCCC2CCCCC21
322,EDJ-MED-76744c27-4,23,2021-08-12 17:27:36,CC(CC1CCCC2CCCCC21)C1CC(C(C)(C)CC2CC2)CC2CCCCC21,CNC(=O)C[N@H+]1Cc2ccc(cc2[C@]3(C1)CCN(C3=O)c4cncc5c4CCCC5)Cl,4,2021-07-13 15:54:24,CC(CC1CCCC2CCCCC21)C1CC(C(C)(C)CC2CC2)CC2CCCCC21
323,MAT-POS-96f51285-5,1,2021-04-15 12:54:00,CC(CC1CCCC2CCCCC21)C1CCCC2CCCCC21,CNC(=O)C[N@H+]1Cc2ccc(cc2[C@]3(C1)CCN(C3=O)c4cncc5c4CCCC5)Cl,62,2020-09-15 19:26:20,CC(CC1CCCC2CCCCC21)C1CCCC2CCCCC21
324,MAT-POS-af1eef35-2,1,2021-08-12 17:18:33,CC(CC1CCCC2CCCCC21)C1CCCC2CCCCC21,CNC(=O)C[N@H+]1Cc2ccc(cc2[C@]3(C1)CCN(C3=O)c4cncc5c4CCCC5)Cl,62,2020-09-15 19:26:20,CC(CC1CCCC2CCCCC21)C1CCCC2CCCCC21
325,MAT-POS-90fd5f68-38,3,2021-09-25 14:17:03,CC(CC1CCCCC1)CC1CCCC2CCCCC21,CNC(=O)C[N@H+]1Cc2ccc(cc2[C@]3(C1)CCN(C3=O)c4cncc5c4CCCC5)Cl,55,2020-04-21 20:06:55,CC(CC1CCCCC1)CC1CCCC2CCCCC21
326,MAT-POS-90fd5f68-2,3,2021-09-25 14:40:55,CC(CC1CCCCC1)CC1CCCC2CCCCC21,CNC(=O)C[N@H+]1Cc2ccc(cc2[C@]3(C1)CCN(C3=O)c4cncc5c4CCCC5)Cl,55,2020-04-21 20:06:55,CC(CC1CCCCC1)CC1CCCC2CCCCC21
327,MAT-POS-90fd5f68-28,3,2021-09-25 15:39:10,CC(CC1CCCCC1)CC1CCCC2CCCCC21,CNC(=O)C[N@H+]1Cc2ccc(cc2[C@]3(C1)CCN(C3=O)c4cncc5c4CCCC5)Cl,55,2020-04-21 20:06:55,CC(CC1CCCCC1)CC1CCCC2CCCCC21
328,ALP-UNI-8d415491-6,1,2021-04-15 14:29:07,CC(CC1CCCC2CCCCC21)C1CCCC2CCCCC21,CNC(=O)C[N@H+]1Cc2ccc(cc2[C@]3(C1)CCN(C3=O)c4cncc5c4CCCC5)Cl,62,2020-09-15 19:26:20,CC(CC1CCCC2CCCCC21)C1CCCC2CCCCC21
329,KAD-UNI-80f122c8-2,53,2021-04-15 11:17:52,CC(CC1(C(C)CC2CCCC3CCCCC32)CCCC2CCCCC21)C1CC2CCC1C2,CNC(=O)C[N@H+]1Cc2ccc(cc2[C@]3(C1)CCN(C3=O)c4cncc5c4CCCC5)Cl,2,2021-04-14 19:08:56,CC(CC1(C(C)CC2CCCC3CCCCC32)CCCC2CCCCC21)C1CC2CCC1C2
330,RUB-POS-1325a9ea-4,3,2021-04-15 16:58:32,CC(CC1CCCCC1)CC1CCCC2CCCCC21,CNC(=O)C[N@H+]1Cc2ccc(cc2[C@]3(C1)CCN(C3=O)c4cncc5c4CCCC5)Cl,55,2020-04-21 20:06:55,CC(CC1CCCCC1)CC1CCCC2CCCCC21
331,EDJ-MED-2f867453-1,45,2021-04-15 14:43:16,CC(CC1CCCC2CCCCC21)C1CCC2CCCCC21,CNC(=O)C[N@H+]1Cc2ccc(cc2[C@]3(C1)CCN(C3=O)c4cncc5c4CCCC5)Cl,1,2021-04-15 14:43:16,CC(CC1CCCC2CCCCC21)C1CCC2CCCCC21
332,EDG-MED-ba1ac7b9-19,169,2021-04-15 17:48:25,CC(CC1(C(C)CC2CCCC3CCCCC32)CCCC2CCCCC21)C1CCC2CCCC2C1,CNC(=O)C[N@H+]1Cc2ccc(cc2[C@]3(C1)CCN(C3=O)c4cncc5c4CCCC5)Cl,1,2021-04-15 17:48:25,CC(CC1(C(C)CC2CCCC3CCCCC32)CCCC2CCCCC21)C1CCC2CCCC2C1
333,ALP-UNI-8d415491-3,1,2021-04-15 13:43:22,CC(CC1CCCC2CCCCC21)C1CCCC2CCCCC21,CNC(=O)C[N@H+]1Cc2ccc(cc2[C@]3(C1)CCN(C3=O)c4cncc5c4CCCC5)Cl,62,2020-09-15 19:26:20,CC(CC1CCCC2CCCCC21)C1CCCC2CCCCC21
334,EDJ-MED-4fff0a85-3,73,2021-08-12 17:20:30,CC(CC1CCCC2CCCCC21)C1CC(C(C)(C)CC2CC(C)(C)C2)CC2CCCCC21,CNC(=O)C[N@H+]1Cc2ccc(cc2[C@]3(C1)CCN(C3=O)c4cncc5c4CCCC5)Cl,1,2021-08-12 17:20:30,CC(CC1CCCC2CCCCC21)C1CC(C(C)(C)CC2CC(C)(C)C2)CC2CCCCC21
335,MAT-POS-90fd5f68-20,3,2021-09-25 15:35:41,CC(CC1CCCCC1)CC1CCCC2CCCCC21,CNC(=O)C[N@H+]1Cc2ccc(cc2[C@]3(C1)CCN(C3=O)c4cncc5c4CCCC5)Cl,55,2020-04-21 20:06:55,CC(CC1CCCCC1)CC1CCCC2CCCCC21
336,MAT-POS-90fd5f68-14,120,2021-09-25 15:37:51,CC(CC1CCCCC1)CC1CCCC2CC(CCCC3CCCC3)CCC12,CNC(=O)C[N@H+]1Cc2ccc(cc2[C@]3(C1)CCN(C3=O)c4cncc5c4CCCC5)Cl,1,2021-09-25 15:37:51,CC(CC1CCCCC1)CC1CCCC2CC(CCCC3CCCC3)CCC12
337,MAT-POS-4223bc15-12,59,2021-08-12 18:38:41,CC(CC1CCCC2CCCCC21)C1CC(C(C)(C)CC2CCC2)CC2CCCCC21,CNC(=O)C[N@H+]1Cc2ccc(cc2[C@]3(C1)CCN(C3=O)c4cncc5c4CCCC5)Cl,1,2021-08-12 18:38:41,CC(CC1CCCC2CCCCC21)C1CC(C(C)(C)CC2CCC2)CC2CCCCC21
338,ALP-UNI-8d415491-1,79,2021-04-15 16:51:18,CC(CC1CCCCC1C1CC1)C1CCCC2CCCCC21,CNC(=O)C[N@H+]1Cc2ccc(cc2[C@]3(C1)CCN(C3=O)c4cncc5c4CCCC5)Cl,1,2021-04-15 16:51:18,CC(CC1CCCCC1C1CC1)C1CCCC2CCCCC21
339,EDJ-MED-4fff0a85-1,122,2021-08-12 17:27:22,CC(CC1CCCC2CCCCC21)C1CC(C(C)(C)CC2CCCCC2)CC2CCCCC21,CNC(=O)C[N@H+]1Cc2ccc(cc2[C@]3(C1)CCN(C3=O)c4cncc5c4CCCC5)Cl,1,2021-08-12 17:27:22,CC(CC1CCCC2CCCCC21)C1CC(C(C)(C)CC2CCCCC2)CC2CCCCC21
340,MAT-POS-5cd9ea36-22,1,2021-08-12 17:07:51,CC(CC1CCCC2CCCCC21)C1CCCC2CCCCC21,CNC(=O)C[N@H+]1Cc2ccc(cc2[C@]3(C1)CCN(C3=O)c4cncc5c4CCCC5)Cl,62,2020-09-15 19:26:20,CC(CC1CCCC2CCCCC21)C1CCCC2CCCCC21
341,MAT-POS-5cd9ea36-18,1,2021-08-12 17:12:50,CC(CC1CCCC2CCCCC21)C1CCCC2CCCCC21,CNC(=O)C[N@H+]1Cc2ccc(cc2[C@]3(C1)CCN(C3=O)c4cncc5c4CCCC5)Cl,62,2020-09-15 19:26:20,CC(CC1CCCC2CCCCC21)C1CCCC2CCCCC21
342,PET-UNK-b38839dc-1,3,2021-08-12 17:13:26,CC(CC1CCCCC1)CC1CCCC2CCCCC21,CNC(=O)C[N@H+]1Cc2ccc(cc2[C@]3(C1)CCN(C3=O)c4cncc5c4CCCC5)Cl,55,2020-04-21 20:06:55,CC(CC1CCCCC1)CC1CCCC2CCCCC21
343,BAR-COM-0f94fc3d-18,10,2020-07-01 01:57:48,CC(CC1CCCCC1)CC1CCC2CCCCC21,CNC(=O)C[N@H+]1Cc2ccc(cc2[C@]3(C1)CCN(C3=O)c4cncc5c4CCCC5)Cl,6,2020-06-30 16:11:11,CC(CC1CCCCC1)CC1CCC2CCCCC21
344,ALP-POS-e0fe77e5-13,44,2021-04-16 07:44:40,CC1C(C2CCCC3CCCCC32)CCCC12CCCC1CCCCC12,CNC(=O)C[N@H+]1Cc2ccc(cc2[C@]3(C1)CCN(C3=O)c4cncc5c4CCCC5)Cl,2,2021-04-14 20:30:15,CC1C(C2CCCC3CCCCC32)CCCC12CCCC1CCCCC12
345,MAT-POS-1bed62cf-3,19,2021-09-25 11:15:13,CC1CC2(CCCC3CCCCC32)C(C)C1C1CCCC2CCCCC21,CNC(=O)C[N@H+]1Cc2ccc(cc2[C@]3(C1)CCN(C3=O)c4cncc5c4CCCC5)Cl,4,2020-12-17 15:38:07,CC1CC2(CCCC3CCCCC32)C(C)C1C1CCCC2CCCCC21
346,EDJ-MED-8bb691af-4,26,2021-10-07 19:10:50,CC1C(C2CCCC3CCCCC32)CCC12CCCC1CCCCC12,CNC(=O)C[N@H+]1Cc2ccc(cc2[C@]3(C1)CCN(C3=O)c4cncc5c4CCCC5)Cl,3,2021-09-25 15:17:05,CC1C(C2CCCC3CCCCC32)CCC12CCCC1CCCCC12
347,VLA-UCB-29506327-1,19,2020-12-17 15:38:07,CC1CC2(CCCC3CCCCC32)C(C)C1C1CCCC2CCCCC21,CNC(=O)C[N@H+]1Cc2ccc(cc2[C@]3(C1)CCN(C3=O)c4cncc5c4CCCC5)Cl,4,2020-12-17 15:38:07,CC1CC2(CCCC3CCCCC32)C(C)C1C1CCCC2CCCCC21
348,MAT-POS-5cd9ea36-17,1,2021-09-25 12:53:23,CC(CC1CCCC2CCCCC21)C1CCCC2CCCCC21,CNC(=O)C[N@H+]1Cc2ccc(cc2[C@]3(C1)CCN(C3=O)c4cncc5c4CCCC5)Cl,62,2020-09-15 19:26:20,CC(CC1CCCC2CCCCC21)C1CCCC2CCCCC21
349,MAT-POS-e119ab4f-3,1,2021-09-25 14:21:28,CC(CC1CCCC2CCCCC21)C1CCCC2CCCCC21,CNC(=O)C[N@H+]1Cc2ccc(cc2[C@]3(C1)CCN(C3=O)c4cncc5c4CCCC5)Cl,62,2020-09-15 19:26:20,CC(CC1CCCC2CCCCC21)C1CCCC2CCCCC21
350,ALP-POS-6479a3a9-2,3,2021-09-13 15:45:11,CC(CC1CCCCC1)CC1CCCC2CCCCC21,CNC(=O)C[N@H+]1Cc2ccc(cc2[C@]3(C1)CCN(C3=O)c4cncc5c4CCCC5)Cl,55,2020-04-21 20:06:55,CC(CC1CCCCC1)CC1CCCC2CCCCC21
351,ALP-POS-1cbc2fae-1,12,2021-09-13 15:55:56,CC(CC1CCCC2CCCCC21)C1CCC(C)(C)C2CCCCC12,CNC(=O)C[N@H+]1Cc2ccc(cc2[C@]3(C1)CCN(C3=O)c4cncc5c4CCCC5)Cl,7,2021-09-13 15:55:56,CC(CC1CCCC2CCCCC21)C1CCC(C)(C)C2CCCCC12
352,MAT-POS-e119ab4f-2,5,2021-09-25 14:34:03,CC1CCC(C(C)CC2CCCC3CCCCC32)C2CCCCC12,CNC(=O)C[N@H+]1Cc2ccc(cc2[C@]3(C1)CCN(C3=O)c4cncc5c4CCCC5)Cl,8,2021-07-23 15:03:47,CC1CCC(C(C)CC2CCCC3CCCCC32)C2CCCCC12
353,MAT-POS-90fd5f68-37,3,2021-09-25 14:36:02,CC(CC1CCCCC1)CC1CCCC2CCCCC21,CNC(=O)C[N@H+]1Cc2ccc(cc2[C@]3(C1)CCN(C3=O)c4cncc5c4CCCC5)Cl,55,2020-04-21 20:06:55,CC(CC1CCCCC1)CC1CCCC2CCCCC21
354,MAT-POS-90fd5f68-19,3,2021-10-07 18:53:52,CC(CC1CCCCC1)CC1CCCC2CCCCC21,CNC(=O)C[N@H+]1Cc2ccc(cc2[C@]3(C1)CCN(C3=O)c4cncc5c4CCCC5)Cl,55,2020-04-21 20:06:55,CC(CC1CCCCC1)CC1CCCC2CCCCC21
355,MAT-POS-90fd5f68-22,3,2021-10-08 12:35:48,CC(CC1CCCCC1)CC1CCCC2CCCCC21,CNC(=O)C[N@H+]1Cc2ccc(cc2[C@]3(C1)CCN(C3=O)c4cncc5c4CCCC5)Cl,55,2020-04-21 20:06:55,CC(CC1CCCCC1)CC1CCCC2CCCCC21
356,MAT-POS-e119ab4f-1,5,2021-10-07 19:15:21,CC1CCC(C(C)CC2CCCC3CCCCC32)C2CCCCC12,CNC(=O)C[N@H+]1Cc2ccc(cc2[C@]3(C1)CCN(C3=O)c4cncc5c4CCCC5)Cl,8,2021-07-23 15:03:47,CC1CCC(C(C)CC2CCCC3CCCCC32)C2CCCCC12
357,MAT-POS-90fd5f68-21,3,2021-10-07 19:45:52,CC(CC1CCCCC1)CC1CCCC2CCCCC21,CNC(=O)C[N@H+]1Cc2ccc(cc2[C@]3(C1)CCN(C3=O)c4cncc5c4CCCC5)Cl,55,2020-04-21 20:06:55,CC(CC1CCCCC1)CC1CCCC2CCCCC21
358,PET-UNK-7fb4f80a-1,3,2021-10-15 19:31:03,CC(CC1CCCCC1)CC1CCCC2CCCCC21,CNC(=O)C[N@H+]1Cc2ccc(cc2[C@]3(C1)CCN(C3=O)c4cncc5c4CCCC5)Cl,55,2020-04-21 20:06:55,CC(CC1CCCCC1)CC1CCCC2CCCCC21
359,EDJ-MED-12c4873b-2,89,2021-11-17 13:35:55,CC(CC1CCCC2CCCCC21)C1CC(C2CC2)C(C)C2CCCCC12,CNC(=O)C[N@H+]1Cc2ccc(cc2[C@]3(C1)CCN(C3=O)c4cncc5c4CCCC5)Cl,1,2021-11-17 13:35:55,CC(CC1CCCC2CCCCC21)C1CC(C2CC2)C(C)C2CCCCC12
360,ALP-POS-4483ae88-4,12,2021-11-17 13:01:33,CC(CC1CCCC2CCCCC21)C1CCC(C)(C)C2CCCCC12,CNC(=O)C[N@H+]1Cc2ccc(cc2[C@]3(C1)CCN(C3=O)c4cncc5c4CCCC5)Cl,7,2021-09-13 15:55:56,CC(CC1CCCC2CCCCC21)C1CCC(C)(C)C2CCCCC12
361,EDG-MED-ee636701-1,5,2021-11-24 16:13:10,CC1CCC(C(C)CC2CCCC3CCCCC32)C2CCCCC12,CNC(=O)C[N@H+]1Cc2ccc(cc2[C@]3(C1)CCN(C3=O)c4cncc5c4CCCC5)Cl,8,2021-07-23 15:03:47,CC1CCC(C(C)CC2CCCC3CCCCC32)C2CCCCC12
362,MAT-POS-5cd9ea36-14,1,2021-09-13 17:13:33,CC(CC1CCCC2CCCCC21)C1CCCC2CCCCC21,CNC(=O)C[N@H+]1Cc2ccc(cc2[C@]3(C1)CCN(C3=O)c4cncc5c4CCCC5)Cl,62,2020-09-15 19:26:20,CC(CC1CCCC2CCCCC21)C1CCCC2CCCCC21
363,ALP-POS-1cbc2fae-2,12,2021-11-16 19:14:56,CC(CC1CCCC2CCCCC21)C1CCC(C)(C)C2CCCCC12,CNC(=O)C[N@H+]1Cc2ccc(cc2[C@]3(C1)CCN(C3=O)c4cncc5c4CCCC5)Cl,7,2021-09-13 15:55:56,CC(CC1CCCC2CCCCC21)C1CCC(C)(C)C2CCCCC12
364,MAT-POS-4223bc15-40,115,2021-05-12 02:07:57,CC(CC1CCCC2CCCCC21)C1CC(C(C)C2CCCC2)CC2CCCCC21,CNC(=O)C[N@H+]1Cc2ccc(cc2[C@]3(C1)CCN(C3=O)c4cncc5c4CCCC5)Cl,1,2021-05-12 02:07:57,CC(CC1CCCC2CCCCC21)C1CC(C(C)C2CCCC2)CC2CCCCC21
365,EDJ-MED-43f8f7d6-6,142,2021-10-07 20:27:10,CC(CC1CCC1)CC1CC(C(C)CC2CCCC3CCCCC32)C2CCCCC2C1C,CNC(=O)C[N@H+]1Cc2ccc(cc2[C@]3(C1)CCN(C3=O)c4cncc5c4CCCC5)Cl,1,2021-10-07 20:27:10,CC(CC1CCC1)CC1CC(C(C)CC2CCCC3CCCCC32)C2CCCCC2C1C
366,MAT-POS-e119ab4f-5,12,2021-11-17 12:44:16,CC(CC1CCCC2CCCCC21)C1CCC(C)(C)C2CCCCC12,CNC(=O)C[N@H+]1Cc2ccc(cc2[C@]3(C1)CCN(C3=O)c4cncc5c4CCCC5)Cl,7,2021-09-13 15:55:56,CC(CC1CCCC2CCCCC21)C1CCC(C)(C)C2CCCCC12
367,MAT-POS-86c60949-2,1,2021-07-15 15:01:02,CC(CC1CCCC2CCCCC21)C1CCCC2CCCCC21,CNC(=O)C[N@H+]1Cc2ccc(cc2[C@]3(C1)CCN(C3=O)c4cncc5c4CCCC5)Cl,62,2020-09-15 19:26:20,CC(CC1CCCC2CCCCC21)C1CCCC2CCCCC21
368,MAT-POS-2e8b2191-11,5,2021-09-13 16:03:52,CC1CCC(C(C)CC2CCCC3CCCCC32)C2CCCCC12,CNC(=O)C[N@H+]1Cc2ccc(cc2[C@]3(C1)CCN(C3=O)c4cncc5c4CCCC5)Cl,8,2021-07-23 15:03:47,CC1CCC(C(C)CC2CCCC3CCCCC32)C2CCCCC12
369,MAT-POS-5cd9ea36-23,1,2021-09-13 16:51:36,CC(CC1CCCC2CCCCC21)C1CCCC2CCCCC21,CNC(=O)C[N@H+]1Cc2ccc(cc2[C@]3(C1)CCN(C3=O)c4cncc5c4CCCC5)Cl,62,2020-09-15 19:26:20,CC(CC1CCCC2CCCCC21)C1CCCC2CCCCC21
370,MAT-POS-bfd29aac-1,125,2021-09-13 17:18:19,CC(CC1CCCC2CCCC21)C1CC(C(C)(C)CC2CC2)CC2CCCCC21,CNC(=O)C[N@H+]1Cc2ccc(cc2[C@]3(C1)CCN(C3=O)c4cncc5c4CCCC5)Cl,1,2021-09-13 17:18:19,CC(CC1CCCC2CCCC21)C1CC(C(C)(C)CC2CC2)CC2CCCCC21
371,MAT-POS-2e8b2191-10,1,2021-09-17 20:49:42,CC(CC1CCCC2CCCCC21)C1CCCC2CCCCC21,CNC(=O)C[N@H+]1Cc2ccc(cc2[C@]3(C1)CCN(C3=O)c4cncc5c4CCCC5)Cl,62,2020-09-15 19:26:20,CC(CC1CCCC2CCCCC21)C1CCCC2CCCCC21
372,MAT-POS-2e8b2191-12,5,2021-09-17 20:52:47,CC1CCC(C(C)CC2CCCC3CCCCC32)C2CCCCC12,CNC(=O)C[N@H+]1Cc2ccc(cc2[C@]3(C1)CCN(C3=O)c4cncc5c4CCCC5)Cl,8,2021-07-23 15:03:47,CC1CCC(C(C)CC2CCCC3CCCCC32)C2CCCCC12
373,MAT-POS-c20a539d-4,3,2021-09-17 23:14:52,CC(CC1CCCCC1)CC1CCCC2CCCCC21,CNC(=O)C[N@H+]1Cc2ccc(cc2[C@]3(C1)CCN(C3=O)c4cncc5c4CCCC5)Cl,55,2020-04-21 20:06:55,CC(CC1CCCCC1)CC1CCCC2CCCCC21
374,ALP-POS-6f6ae286-5,1,2021-09-17 23:04:21,CC(CC1CCCC2CCCCC21)C1CCCC2CCCCC21,CNC(=O)C[N@H+]1Cc2ccc(cc2[C@]3(C1)CCN(C3=O)c4cncc5c4CCCC5)Cl,62,2020-09-15 19:26:20,CC(CC1CCCC2CCCCC21)C1CCCC2CCCCC21
375,MAT-POS-5cd9ea36-2,23,2021-09-17 21:27:32,CC(CC1CCCC2CCCCC21)C1CC(C(C)(C)CC2CC2)CC2CCCCC21,CNC(=O)C[N@H+]1Cc2ccc(cc2[C@]3(C1)CCN(C3=O)c4cncc5c4CCCC5)Cl,4,2021-07-13 15:54:24,CC(CC1CCCC2CCCCC21)C1CC(C(C)(C)CC2CC2)CC2CCCCC21
376,EDJ-MED-7889e8da-5,1,2021-09-17 21:27:37,CC(CC1CCCC2CCCCC21)C1CCCC2CCCCC21,CNC(=O)C[N@H+]1Cc2ccc(cc2[C@]3(C1)CCN(C3=O)c4cncc5c4CCCC5)Cl,62,2020-09-15 19:26:20,CC(CC1CCCC2CCCCC21)C1CCCC2CCCCC21
377,ALP-POS-a577c8a2-1,12,2021-09-20 10:40:18,CC(CC1CCCC2CCCCC21)C1CCC(C)(C)C2CCCCC12,CNC(=O)C[N@H+]1Cc2ccc(cc2[C@]3(C1)CCN(C3=O)c4cncc5c4CCCC5)Cl,7,2021-09-13 15:55:56,CC(CC1CCCC2CCCCC21)C1CCC(C)(C)C2CCCCC12
378,EDJ-MED-7889e8da-3,1,2021-09-20 10:38:26,CC(CC1CCCC2CCCCC21)C1CCCC2CCCCC21,CNC(=O)C[N@H+]1Cc2ccc(cc2[C@]3(C1)CCN(C3=O)c4cncc5c4CCCC5)Cl,62,2020-09-15 19:26:20,CC(CC1CCCC2CCCCC21)C1CCCC2CCCCC21
379,MAT-POS-90fd5f68-31,3,2021-09-25 12:45:59,CC(CC1CCCCC1)CC1CCCC2CCCCC21,CNC(=O)C[N@H+]1Cc2ccc(cc2[C@]3(C1)CCN(C3=O)c4cncc5c4CCCC5)Cl,55,2020-04-21 20:06:55,CC(CC1CCCCC1)CC1CCCC2CCCCC21
380,ALP-POS-477dc5b7-4,26,2021-09-25 15:17:05,CC1C(C2CCCC3CCCCC32)CCC12CCCC1CCCCC12,CNC(=O)C[N@H+]1Cc2ccc(cc2[C@]3(C1)CCN(C3=O)c4cncc5c4CCCC5)Cl,3,2021-09-25 15:17:05,CC1C(C2CCCC3CCCCC32)CCC12CCCC1CCCCC12
381,EDJ-MED-12c4873b-5,103,2021-09-25 15:40:06,CC1CCCC1C1CC2CCCCC2C(C(C)CC2CCCC3CCCCC32)C1,CNC(=O)C[N@H+]1Cc2ccc(cc2[C@]3(C1)CCN(C3=O)c4cncc5c4CCCC5)Cl,1,2021-09-25 15:40:06,CC1CCCC1C1CC2CCCCC2C(C(C)CC2CCCC3CCCCC32)C1
382,MAT-POS-90fd5f68-7,3,2021-09-25 15:53:32,CC(CC1CCCCC1)CC1CCCC2CCCCC21,CNC(=O)C[N@H+]1Cc2ccc(cc2[C@]3(C1)CCN(C3=O)c4cncc5c4CCCC5)Cl,55,2020-04-21 20:06:55,CC(CC1CCCCC1)CC1CCCC2CCCCC21
383,MAT-POS-90fd5f68-13,3,2021-09-25 15:54:05,CC(CC1CCCCC1)CC1CCCC2CCCCC21,CNC(=O)C[N@H+]1Cc2ccc(cc2[C@]3(C1)CCN(C3=O)c4cncc5c4CCCC5)Cl,55,2020-04-21 20:06:55,CC(CC1CCCCC1)CC1CCCC2CCCCC21
384,PET-UNK-7fb4f80a-2,3,2021-10-07 18:45:28,CC(CC1CCCCC1)CC1CCCC2CCCCC21,CNC(=O)C[N@H+]1Cc2ccc(cc2[C@]3(C1)CCN(C3=O)c4cncc5c4CCCC5)Cl,55,2020-04-21 20:06:55,CC(CC1CCCCC1)CC1CCCC2CCCCC21
385,EDJ-MED-be9e6f63-3,23,2021-10-07 18:47:20,CC(CC1CCCC2CCCCC21)C1CC(C(C)(C)CC2CC2)CC2CCCCC21,CNC(=O)C[N@H+]1Cc2ccc(cc2[C@]3(C1)CCN(C3=O)c4cncc5c4CCCC5)Cl,4,2021-07-13 15:54:24,CC(CC1CCCC2CCCCC21)C1CC(C(C)(C)CC2CC2)CC2CCCCC21
386,EDJ-MED-e69ed63d-13,5,2021-10-07 19:56:11,CC1CCC(C(C)CC2CCCC3CCCCC32)C2CCCCC12,CNC(=O)C[N@H+]1Cc2ccc(cc2[C@]3(C1)CCN(C3=O)c4cncc5c4CCCC5)Cl,8,2021-07-23 15:03:47,CC1CCC(C(C)CC2CCCC3CCCCC32)C2CCCCC12
387,EDJ-MED-c3ea9889-6,160,2021-10-07 19:57:59,CC(CC1CCCC2CCCCC21)C12CC(CC3CCCCC31)C2,CNC(=O)C[N@H+]1Cc2ccc(cc2[C@]3(C1)CCN(C3=O)c4cncc5c4CCCC5)Cl,1,2021-10-07 19:57:59,CC(CC1CCCC2CCCCC21)C12CC(CC3CCCCC31)C2
388,EDJ-MED-8bb691af-6,17,2021-10-07 20:44:02,CC1C(C2CCCC3CCCCC32)CCC12CC(C(C)(C)CC1CC1)CC1CCCCC12,CNC(=O)C[N@H+]1Cc2ccc(cc2[C@]3(C1)CCN(C3=O)c4cncc5c4CCCC5)Cl,4,2021-10-07 20:44:02,CC1C(C2CCCC3CCCCC32)CCC12CC(C(C)(C)CC1CC1)CC1CCCCC12
389,EDJ-MED-43f8f7d6-4,70,2021-10-15 19:49:10,CC(CC1CC1)CC1CC(C(C)CC2CCCC3CCCCC32)C2CCCCC2C1C,CNC(=O)C[N@H+]1Cc2ccc(cc2[C@]3(C1)CCN(C3=O)c4cncc5c4CCCC5)Cl,1,2021-10-15 19:49:10,CC(CC1CC1)CC1CC(C(C)CC2CCCC3CCCCC32)C2CCCCC2C1C
390,EDJ-MED-968bafd9-1,98,2021-10-15 19:56:24,CC(CC1CCCC2CCCCC21)C1CC(C(C)(C)CC2CC2)C(C)C2CCCCC12,CNC(=O)C[N@H+]1Cc2ccc(cc2[C@]3(C1)CCN(C3=O)c4cncc5c4CCCC5)Cl,1,2021-10-15 19:56:24,CC(CC1CCCC2CCCCC21)C1CC(C(C)(C)CC2CC2)C(C)C2CCCCC12
391,MAT-POS-853c0ffa-9,17,2021-12-15 15:56:59,CC1C(C2CCCC3CCCCC32)CCC12CC(C(C)(C)CC1CC1)CC1CCCCC12,CNC(=O)C[N@H+]1Cc2ccc(cc2[C@]3(C1)CCN(C3=O)c4cncc5c4CCCC5)Cl,4,2021-10-07 20:44:02,CC1C(C2CCCC3CCCCC32)CCC12CC(C(C)(C)CC1CC1)CC1CCCCC12
392,EDJ-MED-705e09b8-1,26,2021-12-10 21:49:10,CC1C(C2CCCC3CCCCC32)CCC12CCCC1CCCCC12,CNC(=O)C[N@H+]1Cc2ccc(cc2[C@]3(C1)CCN(C3=O)c4cncc5c4CCCC5)Cl,3,2021-09-25 15:17:05,CC1C(C2CCCC3CCCCC32)CCC12CCCC1CCCCC12
393,MIK-ENA-5d9157e9-5,12,2021-12-10 21:41:08,CC(CC1CCCC2CCCCC21)C1CCC(C)(C)C2CCCCC12,CNC(=O)C[N@H+]1Cc2ccc(cc2[C@]3(C1)CCN(C3=O)c4cncc5c4CCCC5)Cl,7,2021-09-13 15:55:56,CC(CC1CCCC2CCCCC21)C1CCC(C)(C)C2CCCCC12
394,MIK-ENA-5d9157e9-6,12,2021-12-10 21:46:43,CC(CC1CCCC2CCCCC21)C1CCC(C)(C)C2CCCCC12,CNC(=O)C[N@H+]1Cc2ccc(cc2[C@]3(C1)CCN(C3=O)c4cncc5c4CCCC5)Cl,7,2021-09-13 15:55:56,CC(CC1CCCC2CCCCC21)C1CCC(C)(C)C2CCCCC12
395,EDJ-MED-8bb691af-8,42,2021-11-24 17:07:42,CC1CCC2(CCC(C3CCCC4CCCCC43)C2C)C2CCCCC12,CNC(=O)C[N@H+]1Cc2ccc(cc2[C@]3(C1)CCN(C3=O)c4cncc5c4CCCC5)Cl,2,2021-11-24 17:07:42,CC1CCC2(CCC(C3CCCC4CCCCC43)C2C)C2CCCCC12
396,EDG-MED-b1ef7fe3-1,42,2021-12-15 16:21:25,CC1CCC2(CCC(C3CCCC4CCCCC43)C2C)C2CCCCC12,CNC(=O)C[N@H+]1Cc2ccc(cc2[C@]3(C1)CCN(C3=O)c4cncc5c4CCCC5)Cl,2,2021-11-24 17:07:42,CC1CCC2(CCC(C3CCCC4CCCCC43)C2C)C2CCCCC12
397,EDJ-MED-e69ed63d-1,5,2021-10-15 19:08:14,CC1CCC(C(C)CC2CCCC3CCCCC32)C2CCCCC12,CNC(=O)C[N@H+]1Cc2ccc(cc2[C@]3(C1)CCN(C3=O)c4cncc5c4CCCC5)Cl,8,2021-07-23 15:03:47,CC1CCC(C(C)CC2CCCC3CCCCC32)C2CCCCC12
398,EDJ-MED-976a33d5-1,146,2022-01-19 19:27:19,CC1C(C2CC2)CC2(CCC(C3CCCC4CCCCC43)C2C)C2CCCCC12,CNC(=O)C[N@H+]1Cc2ccc(cc2[C@]3(C1)CCN(C3=O)c4cncc5c4CCCC5)Cl,1,2022-01-19 19:27:19,CC1C(C2CC2)CC2(CCC(C3CCCC4CCCCC43)C2C)C2CCCCC12
399,ALP-POS-ecbed2ba-12,111,2022-01-19 19:55:19,CC(CCC1CC1)CC1CC2CCCCC2C2(CCC(C3CCCC4CCCCC43)C2C)C1,CNC(=O)C[N@H+]1Cc2ccc(cc2[C@]3(C1)CCN(C3=O)c4cncc5c4CCCC5)Cl,1,2022-01-19 19:55:19,CC(CCC1CC1)CC1CC2CCCCC2C2(CCC(C3CCCC4CCCCC43)C2C)C1
400,MAT-POS-50a80394-1,17,2022-02-05 04:11:10,CC1C(C2CCCC3CCCCC32)CCC12CC(C(C)(C)CC1CC1)CC1CCCCC12,CNC(=O)C[N@H+]1Cc2ccc(cc2[C@]3(C1)CCN(C3=O)c4cncc5c4CCCC5)Cl,4,2021-10-07 20:44:02,CC1C(C2CCCC3CCCCC32)CCC12CC(C(C)(C)CC1CC1)CC1CCCCC12
401,ALP-POS-133e7cd9-2,110,2022-02-05 05:01:48,CC1C(C2CCCC3CCCCC32)CCCC12CC(C(C)(C)CC1CC1)CC1CCCCC12,CNC(=O)C[N@H+]1Cc2ccc(cc2[C@]3(C1)CCN(C3=O)c4cncc5c4CCCC5)Cl,1,2022-02-05 05:01:48,CC1C(C2CCCC3CCCCC32)CCCC12CC(C(C)(C)CC1CC1)CC1CCCCC12
402,MAT-POS-50a80394-2,17,2022-02-05 07:55:31,CC1C(C2CCCC3CCCCC32)CCC12CC(C(C)(C)CC1CC1)CC1CCCCC12,CNC(=O)C[N@H+]1Cc2ccc(cc2[C@]3(C1)CCN(C3=O)c4cncc5c4CCCC5)Cl,4,2021-10-07 20:44:02,CC1C(C2CCCC3CCCCC32)CCC12CC(C(C)(C)CC1CC1)CC1CCCCC12
